[{"model": "admin.logentry", "pk": 1, "fields": {"action_time": "2023-01-27T19:04:27.398Z", "user": 1, "content_type": 12, "object_id": "1", "object_repr": "USA", "action_flag": 1, "change_message": "[{\"added\": {}}]"}}, {"model": "admin.logentry", "pk": 2, "fields": {"action_time": "2023-01-27T19:04:44.109Z", "user": 1, "content_type": 7, "object_id": "1", "object_repr": "Drama", "action_flag": 1, "change_message": "[{\"added\": {}}]"}}, {"model": "admin.logentry", "pk": 3, "fields": {"action_time": "2023-01-27T19:04:49.916Z", "user": 1, "content_type": 7, "object_id": "2", "object_repr": "Komedie", "action_flag": 1, "change_message": "[{\"added\": {}}]"}}, {"model": "admin.logentry", "pk": 4, "fields": {"action_time": "2023-01-27T19:04:58.000Z", "user": 1, "content_type": 7, "object_id": "3", "object_repr": "Romantický", "action_flag": 1, "change_message": "[{\"added\": {}}]"}}, {"model": "admin.logentry", "pk": 5, "fields": {"action_time": "2023-01-27T19:12:35.385Z", "user": 1, "content_type": 8, "object_id": "1", "object_repr": "Forrest Gump (1994-01-27)", "action_flag": 1, "change_message": "[{\"added\": {}}]"}}, {"model": "admin.logentry", "pk": 6, "fields": {"action_time": "2023-01-27T19:13:48.541Z", "user": 1, "content_type": 7, "object_id": "4", "object_repr": "Krimi", "action_flag": 1, "change_message": "[{\"added\": {}}]"}}, {"model": "admin.logentry", "pk": 7, "fields": {"action_time": "2023-01-27T19:14:21.159Z", "user": 1, "content_type": 8, "object_id": "2", "object_repr": "The Shawshank Redemption (1994)", "action_flag": 1, "change_message": "[{\"added\": {}}]"}}, {"model": "admin.logentry", "pk": 8, "fields": {"action_time": "2023-01-27T19:15:29.219Z", "user": 1, "content_type": 8, "object_id": "3", "object_repr": "Pulp Fiction (1994)", "action_flag": 1, "change_message": "[{\"added\": {}}]"}}, {"model": "admin.logentry", "pk": 9, "fields": {"action_time": "2023-01-27T19:16:13.899Z", "user": 1, "content_type": 12, "object_id": "2", "object_repr": "Velká Británie", "action_flag": 1, "change_message": "[{\"added\": {}}]"}}, {"model": "admin.logentry", "pk": 10, "fields": {"action_time": "2023-01-27T19:16:27.532Z", "user": 1, "content_type": 7, "object_id": "5", "object_repr": "Akční", "action_flag": 1, "change_message": "[{\"added\": {}}]"}}, {"model": "admin.logentry", "pk": 11, "fields": {"action_time": "2023-01-27T19:16:34.397Z", "user": 1, "content_type": 7, "object_id": "6", "object_repr": "Thriller", "action_flag": 1, "change_message": "[{\"added\": {}}]"}}, {"model": "admin.logentry", "pk": 12, "fields": {"action_time": "2023-01-27T19:17:03.724Z", "user": 1, "content_type": 8, "object_id": "4", "object_repr": "The Dark Knight (2008)", "action_flag": 1, "change_message": "[{\"added\": {}}]"}}, {"model": "admin.logentry", "pk": 13, "fields": {"action_time": "2023-01-27T19:17:50.545Z", "user": 1, "content_type": 12, "object_id": "3", "object_repr": "Nový Zéland", "action_flag": 1, "change_message": "[{\"added\": {}}]"}}, {"model": "admin.logentry", "pk": 14, "fields": {"action_time": "2023-01-27T19:18:02.534Z", "user": 1, "content_type": 7, "object_id": "7", "object_repr": "Fantasy", "action_flag": 1, "change_message": "[{\"added\": {}}]"}}, {"model": "admin.logentry", "pk": 15, "fields": {"action_time": "2023-01-27T19:18:12.924Z", "user": 1, "content_type": 7, "object_id": "8", "object_repr": "Dobrodružný", "action_flag": 1, "change_message": "[{\"added\": {}}]"}}, {"model": "admin.logentry", "pk": 16, "fields": {"action_time": "2023-01-27T19:18:38.340Z", "user": 1, "content_type": 8, "object_id": "5", "object_repr": "The Lord of the Rings: The Fellowship of the Ring (2001)", "action_flag": 1, "change_message": "[{\"added\": {}}]"}}, {"model": "admin.logentry", "pk": 17, "fields": {"action_time": "2023-01-27T19:25:10.634Z", "user": 1, "content_type": 14, "object_id": "1", "object_repr": " Peter Jackson", "action_flag": 1, "change_message": "[{\"added\": {}}]"}}, {"model": "admin.logentry", "pk": 18, "fields": {"action_time": "2023-01-27T19:26:12.043Z", "user": 1, "content_type": 14, "object_id": "2", "object_repr": " Elijah Wood", "action_flag": 1, "change_message": "[{\"added\": {}}]"}}, {"model": "admin.logentry", "pk": 19, "fields": {"action_time": "2023-01-27T19:27:04.561Z", "user": 1, "content_type": 14, "object_id": "3", "object_repr": " Ian McKellen", "action_flag": 1, "change_message": "[{\"added\": {}}]"}}, {"model": "auth.permission", "pk": 1, "fields": {"name": "Can add log entry", "content_type": 1, "codename": "add_logentry"}}, {"model": "auth.permission", "pk": 2, "fields": {"name": "Can change log entry", "content_type": 1, "codename": "change_logentry"}}, {"model": "auth.permission", "pk": 3, "fields": {"name": "Can delete log entry", "content_type": 1, "codename": "delete_logentry"}}, {"model": "auth.permission", "pk": 4, "fields": {"name": "Can view log entry", "content_type": 1, "codename": "view_logentry"}}, {"model": "auth.permission", "pk": 5, "fields": {"name": "Can add permission", "content_type": 2, "codename": "add_permission"}}, {"model": "auth.permission", "pk": 6, "fields": {"name": "Can change permission", "content_type": 2, "codename": "change_permission"}}, {"model": "auth.permission", "pk": 7, "fields": {"name": "Can delete permission", "content_type": 2, "codename": "delete_permission"}}, {"model": "auth.permission", "pk": 8, "fields": {"name": "Can view permission", "content_type": 2, "codename": "view_permission"}}, {"model": "auth.permission", "pk": 9, "fields": {"name": "Can add group", "content_type": 3, "codename": "add_group"}}, {"model": "auth.permission", "pk": 10, "fields": {"name": "Can change group", "content_type": 3, "codename": "change_group"}}, {"model": "auth.permission", "pk": 11, "fields": {"name": "Can delete group", "content_type": 3, "codename": "delete_group"}}, {"model": "auth.permission", "pk": 12, "fields": {"name": "Can view group", "content_type": 3, "codename": "view_group"}}, {"model": "auth.permission", "pk": 13, "fields": {"name": "Can add user", "content_type": 4, "codename": "add_user"}}, {"model": "auth.permission", "pk": 14, "fields": {"name": "Can change user", "content_type": 4, "codename": "change_user"}}, {"model": "auth.permission", "pk": 15, "fields": {"name": "Can delete user", "content_type": 4, "codename": "delete_user"}}, {"model": "auth.permission", "pk": 16, "fields": {"name": "Can view user", "content_type": 4, "codename": "view_user"}}, {"model": "auth.permission", "pk": 17, "fields": {"name": "Can add content type", "content_type": 5, "codename": "add_contenttype"}}, {"model": "auth.permission", "pk": 18, "fields": {"name": "Can change content type", "content_type": 5, "codename": "change_contenttype"}}, {"model": "auth.permission", "pk": 19, "fields": {"name": "Can delete content type", "content_type": 5, "codename": "delete_contenttype"}}, {"model": "auth.permission", "pk": 20, "fields": {"name": "Can view content type", "content_type": 5, "codename": "view_contenttype"}}, {"model": "auth.permission", "pk": 21, "fields": {"name": "Can add session", "content_type": 6, "codename": "add_session"}}, {"model": "auth.permission", "pk": 22, "fields": {"name": "Can change session", "content_type": 6, "codename": "change_session"}}, {"model": "auth.permission", "pk": 23, "fields": {"name": "Can delete session", "content_type": 6, "codename": "delete_session"}}, {"model": "auth.permission", "pk": 24, "fields": {"name": "Can view session", "content_type": 6, "codename": "view_session"}}, {"model": "auth.permission", "pk": 25, "fields": {"name": "Can add genre", "content_type": 7, "codename": "add_genre"}}, {"model": "auth.permission", "pk": 26, "fields": {"name": "Can change genre", "content_type": 7, "codename": "change_genre"}}, {"model": "auth.permission", "pk": 27, "fields": {"name": "Can delete genre", "content_type": 7, "codename": "delete_genre"}}, {"model": "auth.permission", "pk": 28, "fields": {"name": "Can view genre", "content_type": 7, "codename": "view_genre"}}, {"model": "auth.permission", "pk": 29, "fields": {"name": "Can add movie", "content_type": 8, "codename": "add_movie"}}, {"model": "auth.permission", "pk": 30, "fields": {"name": "Can change movie", "content_type": 8, "codename": "change_movie"}}, {"model": "auth.permission", "pk": 31, "fields": {"name": "Can delete movie", "content_type": 8, "codename": "delete_movie"}}, {"model": "auth.permission", "pk": 32, "fields": {"name": "Can view movie", "content_type": 8, "codename": "view_movie"}}, {"model": "auth.permission", "pk": 33, "fields": {"name": "Can add age restriction", "content_type": 9, "codename": "add_agerestriction"}}, {"model": "auth.permission", "pk": 34, "fields": {"name": "Can change age restriction", "content_type": 9, "codename": "change_agerestriction"}}, {"model": "auth.permission", "pk": 35, "fields": {"name": "Can delete age restriction", "content_type": 9, "codename": "delete_agerestriction"}}, {"model": "auth.permission", "pk": 36, "fields": {"name": "Can view age restriction", "content_type": 9, "codename": "view_agerestriction"}}, {"model": "auth.permission", "pk": 37, "fields": {"name": "Can add award", "content_type": 10, "codename": "add_award"}}, {"model": "auth.permission", "pk": 38, "fields": {"name": "Can change award", "content_type": 10, "codename": "change_award"}}, {"model": "auth.permission", "pk": 39, "fields": {"name": "Can delete award", "content_type": 10, "codename": "delete_award"}}, {"model": "auth.permission", "pk": 40, "fields": {"name": "Can view award", "content_type": 10, "codename": "view_award"}}, {"model": "auth.permission", "pk": 41, "fields": {"name": "Can add award category", "content_type": 11, "codename": "add_awardcategory"}}, {"model": "auth.permission", "pk": 42, "fields": {"name": "Can change award category", "content_type": 11, "codename": "change_awardcategory"}}, {"model": "auth.permission", "pk": 43, "fields": {"name": "Can delete award category", "content_type": 11, "codename": "delete_awardcategory"}}, {"model": "auth.permission", "pk": 44, "fields": {"name": "Can view award category", "content_type": 11, "codename": "view_awardcategory"}}, {"model": "auth.permission", "pk": 45, "fields": {"name": "Can add country", "content_type": 12, "codename": "add_country"}}, {"model": "auth.permission", "pk": 46, "fields": {"name": "Can change country", "content_type": 12, "codename": "change_country"}}, {"model": "auth.permission", "pk": 47, "fields": {"name": "Can delete country", "content_type": 12, "codename": "delete_country"}}, {"model": "auth.permission", "pk": 48, "fields": {"name": "Can view country", "content_type": 12, "codename": "view_country"}}, {"model": "auth.permission", "pk": 49, "fields": {"name": "Can add image", "content_type": 13, "codename": "add_image"}}, {"model": "auth.permission", "pk": 50, "fields": {"name": "Can change image", "content_type": 13, "codename": "change_image"}}, {"model": "auth.permission", "pk": 51, "fields": {"name": "Can delete image", "content_type": 13, "codename": "delete_image"}}, {"model": "auth.permission", "pk": 52, "fields": {"name": "Can view image", "content_type": 13, "codename": "view_image"}}, {"model": "auth.permission", "pk": 53, "fields": {"name": "Can add staff", "content_type": 14, "codename": "add_staff"}}, {"model": "auth.permission", "pk": 54, "fields": {"name": "Can change staff", "content_type": 14, "codename": "change_staff"}}, {"model": "auth.permission", "pk": 55, "fields": {"name": "Can delete staff", "content_type": 14, "codename": "delete_staff"}}, {"model": "auth.permission", "pk": 56, "fields": {"name": "Can view staff", "content_type": 14, "codename": "view_staff"}}, {"model": "auth.permission", "pk": 57, "fields": {"name": "Can add rating", "content_type": 15, "codename": "add_rating"}}, {"model": "auth.permission", "pk": 58, "fields": {"name": "Can change rating", "content_type": 15, "codename": "change_rating"}}, {"model": "auth.permission", "pk": 59, "fields": {"name": "Can delete rating", "content_type": 15, "codename": "delete_rating"}}, {"model": "auth.permission", "pk": 60, "fields": {"name": "Can view rating", "content_type": 15, "codename": "view_rating"}}, {"model": "auth.user", "pk": 1, "fields": {"password": "pbkdf2_sha256$390000$ymgQbSNcqQlku05lfHhVBf$tL/wvRzMrfRGOoZP2QP/Im7RQNeag1tZ3WaR0xpZduk=", "last_login": "2023-01-27T18:44:07.580Z", "is_superuser": true, "username": "admin", "first_name": "", "last_name": "", "email": "", "is_staff": true, "is_active": true, "date_joined": "2023-01-27T18:43:49.918Z", "groups": [], "user_permissions": []}}, {"model": "contenttypes.contenttype", "pk": 1, "fields": {"app_label": "admin", "model": "logentry"}}, {"model": "contenttypes.contenttype", "pk": 2, "fields": {"app_label": "auth", "model": "permission"}}, {"model": "contenttypes.contenttype", "pk": 3, "fields": {"app_label": "auth", "model": "group"}}, {"model": "contenttypes.contenttype", "pk": 4, "fields": {"app_label": "auth", "model": "user"}}, {"model": "contenttypes.contenttype", "pk": 5, "fields": {"app_label": "contenttypes", "model": "contenttype"}}, {"model": "contenttypes.contenttype", "pk": 6, "fields": {"app_label": "sessions", "model": "session"}}, {"model": "contenttypes.contenttype", "pk": 7, "fields": {"app_label": "viewer", "model": "genre"}}, {"model": "contenttypes.contenttype", "pk": 8, "fields": {"app_label": "viewer", "model": "movie"}}, {"model": "contenttypes.contenttype", "pk": 9, "fields": {"app_label": "viewer", "model": "agerestriction"}}, {"model": "contenttypes.contenttype", "pk": 10, "fields": {"app_label": "viewer", "model": "award"}}, {"model": "contenttypes.contenttype", "pk": 11, "fields": {"app_label": "viewer", "model": "awardcategory"}}, {"model": "contenttypes.contenttype", "pk": 12, "fields": {"app_label": "viewer", "model": "country"}}, {"model": "contenttypes.contenttype", "pk": 13, "fields": {"app_label": "viewer", "model": "image"}}, {"model": "contenttypes.contenttype", "pk": 14, "fields": {"app_label": "viewer", "model": "staff"}}, {"model": "contenttypes.contenttype", "pk": 15, "fields": {"app_label": "viewer", "model": "rating"}}, {"model": "sessions.session", "pk": "uwrp3sntvetvmk7vtdn7znrt86ak6dbq", "fields": {"session_data": ".eJxVjDEOwyAQBP9CHSHDnQGnTO83oIPDwUmEJWNXUf4eI7lImi1mZ_ctPO1b9ntNq59ZXIUSl18WKD5TaQU_qNwXGZeyrXOQTZFnW-W4cHrdTvfvIFPNbd2FXncOHBtlwThDkR2poDANBz-S0boBARAm0jogaGR0VrPRk-rF5wu4_jaF:1pLThn:vmKL9_o7M1i2-Q7yfURnQ2QWTz24fLKU0DrMHTTEjlQ", "expire_date": "2023-02-10T18:44:07.595Z"}}, {"model": "viewer.genre", "pk": 1, "fields": {"name": "Drama"}}, {"model": "viewer.genre", "pk": 2, "fields": {"name": "Komedie"}}, {"model": "viewer.genre", "pk": 3, "fields": {"name": "Romantický"}}, {"model": "viewer.genre", "pk": 4, "fields": {"name": "Krimi"}}, {"model": "viewer.genre", "pk": 5, "fields": {"name": "Akční"}}, {"model": "viewer.genre", "pk": 6, "fields": {"name": "Thriller"}}, {"model": "viewer.genre", "pk": 7, "fields": {"name": "Fantasy"}}, {"model": "viewer.genre", "pk": 8, "fields": {"name": "Dobrodružný"}}, {"model": "viewer.genre", "pk": 9, "fields": {"name": "Western"}}, {"model": "viewer.genre", "pk": 10, "fields": {"name": "Dráma"}}, {"model": "viewer.genre", "pk": 11, "fields": {"name": "Road movie"}}, {"model": "viewer.genre", "pk": 12, "fields": {"name": "Sci-Fi"}}, {"model": "viewer.genre", "pk": 13, "fields": {"name": "Mysteriózní"}}, {"model": "viewer.genre", "pk": 14, "fields": {"name": "Životopisný"}}, {"model": "viewer.genre", "pk": 15, "fields": {"name": "Hudební"}}, {"model": "viewer.genre", "pk": 16, "fields": {"name": "Sportovní"}}, {"model": "viewer.genre", "pk": 17, "fields": {"name": "Rodinný"}}, {"model": "viewer.genre", "pk": 18, "fields": {"name": "Pohádka"}}, {"model": "viewer.genre", "pk": 19, "fields": {"name": "Horor"}}, {"model": "viewer.agerestriction", "pk": 1, "fields": {"name": ""}}, {"model": "viewer.agerestriction", "pk": 2, "fields": {"name": "12+"}}, {"model": "viewer.agerestriction", "pk": 3, "fields": {"name": "None"}}, {"model": "viewer.agerestriction", "pk": 4, "fields": {"name": "15+"}}, {"model": "viewer.agerestriction", "pk": 5, "fields": {"name": "13+"}}, {"model": "viewer.agerestriction", "pk": 6, "fields": {"name": "18+"}}, {"model": "viewer.agerestriction", "pk": 7, "fields": {"name": "16+"}}, {"model": "viewer.country", "pk": 1, "fields": {"name": "USA"}}, {"model": "viewer.country", "pk": 2, "fields": {"name": "Velká Británie"}}, {"model": "viewer.country", "pk": 3, "fields": {"name": "Nový Zéland"}}, {"model": "viewer.country", "pk": 4, "fields": {"name": "Francie"}}, {"model": "viewer.country", "pk": 5, "fields": {"name": "Kanada"}}, {"model": "viewer.country", "pk": 6, "fields": {"name": "CZ"}}, {"model": "viewer.country", "pk": 7, "fields": {"name": "Austrálie"}}, {"model": "viewer.country", "pk": 8, "fields": {"name": "Irsko"}}, {"model": "viewer.country", "pk": 9, "fields": {"name": "Německo"}}, {"model": "viewer.country", "pk": 10, "fields": {"name": "Československo"}}, {"model": "viewer.country", "pk": 11, "fields": {"name": "Východní Německo"}}, {"model": "viewer.country", "pk": 12, "fields": {"name": "Čekoslovensko"}}, {"model": "viewer.country", "pk": 13, "fields": {"name": "Česká republika"}}, {"model": "viewer.image", "pk": 1, "fields": {"path": "", "description": ""}}, {"model": "viewer.image", "pk": 2, "fields": {"path": "https://www.film-game.cz/laska-nebeska-blu-ray--0931143.html#image-3", "description": ""}}, {"model": "viewer.image", "pk": 3, "fields": {"path": "https://www.csfd.cz/film/307556-na-hrane-zitrka/galerie/", "description": ""}}, {"model": "viewer.image", "pk": 4, "fields": {"path": "https://www.csfd.cz/film/286035-top-gun-maverick/galerie/", "description": ""}}, {"model": "viewer.image", "pk": 5, "fields": {"path": "https://www.csfd.cz/film/969361-velryba/galerie/", "description": ""}}, {"model": "viewer.image", "pk": 6, "fields": {"path": "https://www.csfd.cz/film/912147-vysehrad-fylm/galerie/", "description": ""}}, {"model": "viewer.image", "pk": 7, "fields": {"path": "https://www.csfd.cz/film/14317-requiem-za-sen/galerie/", "description": ""}}, {"model": "viewer.image", "pk": 8, "fields": {"path": "https://www.csfd.sk/film/42949-harry-potter-a-ohniva-casa/galeria/plagaty/", "description": ""}}, {"model": "viewer.image", "pk": 9, "fields": {"path": "https://www.csfd.sk/film/197182-harry-potter-a-fenixov-rad/", "description": ""}}, {"model": "viewer.image", "pk": 10, "fields": {"path": "https://www.csfd.sk/film/1626-harry-potter-a-kamen-mudrcov/", "description": ""}}, {"model": "viewer.image", "pk": 11, "fields": {"path": "https://www.csfd.sk/film/224184-harry-potter-a-polovicny-princ/", "description": ""}}, {"model": "viewer.image", "pk": 12, "fields": {"path": "https://www.csfd.sk/film/230063-harry-potter-a-dary-smrti-1/", "description": ""}}, {"model": "viewer.image", "pk": 13, "fields": {"path": "https://www.csfd.cz/film/371484-neuteces/galerie/", "description": ""}}, {"model": "viewer.image", "pk": 14, "fields": {"path": "https://www.csfd.cz/film/252091-zombieland/galerie/", "description": ""}}, {"model": "viewer.image", "pk": 15, "fields": {"path": "https://www.csfd.cz/film/600912-zelena-kniha/galerie/", "description": ""}}, {"model": "viewer.image", "pk": 16, "fields": {"path": "https://www.csfd.cz/film/8265-vetrelec/galerie/", "description": ""}}, {"model": "viewer.image", "pk": 17, "fields": {"path": "https://www.csfd.cz/film/1245-vetrelci/galerie/", "description": ""}}, {"model": "viewer.movie", "pk": 1, "fields": {"title_orig": "Forrest Gump", "title_cz": "Forrest Gump", "title_sk": "Forrest Gump", "released": "1994-01-27", "length": 142, "description": "Poněkud prostoduchý Forrest Gump, vyzbrojen užitečnými radami své matky, se vydává na pouť životem, který mu připraví nejedno překvapení. Mnoho hořkých, ale také nádherných chvil...\r\nMladý muž jménem Forrest Gump sedí na zastávce autobusu a každému, kdo si přisedne, vypráví o svém životě. Poněkud jednoduchý chlapec se narodil v Alabamě, kde žil jen s matkou, která mu dala mnoho dobrých rad do života. Především tu, aby si nikdy nenechal od nikoho namluvit, že je jiný než ostatní. Dostala ho dokonce i do normální školy, přestože jí doporučovali zvláštní, vzhledem k jeho nízkému IQ. Forrest, terč zlomyslných vtípků a krutých žertů svých kamarádů, si tam najde přítelkyni na celý život: Jenny je půvabná blonďatá holčička, kterou zneužívá otec, a tak ji dají do výchovy babičce. Oba se stanou nerozlučnými přáteli. Jenny Forrestovi dá další cennou radu do života: když budeš mít problém, utíkej. A tak Forrest proutíká školou, pak i střední školou a nakonec vysokou, kde se osvědčí jako nejrychlejší hráč amerického fotbalu. Po svém prožívá i velké události v amerických dějinách, třeba přijetí dvou prvních černých studentů na univerzitu nebo setkání s prezidentem Kennedym... Forrest se na vše dívá svýma naivníma očima, aniž by věci zvažoval do důsledků. Řídí se upřímným citem, jako když stále a opakovaně „zachraňuje“ Jenny, jakmile se mu zdá, že jí někdo ubližuje. Když získá diplom, dá se naverbovat do armády. Doslechne se, že Jenny vyhodili ze školy kvůli nestoudným fotkám a že se pokouší v Memphisu prosadit jako zpěvačka. Navštíví ji a znovu nešikovně „zachraňuje“. Pak je poslán do Vietnamu. Ani hrůzy války tak docela nechápe, i když se při jednom útoku projde dokonalým peklem. Je zabit jeho zatím jediný přítel, černoch Bubba. Forrest, kterého chtěl Bubba přibrat jako partnera do své firmy, je zdrcený. Přesto zachrání několik dalších vojáků včetně poručíka Dana Taylora, který mu ale není pranic vděčný: jakožto člen rodiny, v níž celé generace mužů umíraly ve válkách, si přeje zemřít po boku svých mužů. A on navíc přijde o obě nohy. Zraněn je ale i Forrest a vrací se domů. Ještě ve Vietnamu v nemocnici se mu vrátí dopisy, které pravidelně psal Jenny a jejichž adresátka nebyla zastižena... Po návratu domů mu prezident Johnson udělí medaili a při prohlídce Washingtonu se přimíchá do davu protestujících proti válce. Je vyzván, aby pohovořil o Vietnamu, nejde ale zvuk. Přesto ho tisícihlavý dav zdraví jako hrdinu. Mezi přihlížejícími je i Jenny, nyní horlivá aktivistka protiválečného hnutí Černí panteři. Shledání Forresta s jeho velkou a jedinou láskou je dojemné. Prochodí spolu celou noc a povídají si. Forrest nechce, aby Jenny opět odjela, ale ta se chystá do Kalifornie. Forrest zůstává zase sám...", "expanses": null, "earnings": null, "age_restriction": null, "trailer": null, "price": null, "link": null, "created": "2023-01-27T19:12:35.343Z", "updated": "2023-01-27T19:12:35.343Z", "country": [1], "genre": [1, 2, 3], "images": []}}, {"model": "viewer.movie", "pk": 2, "fields": {"title_orig": "The Shawshank Redemption", "title_cz": "Vykoupení z věznice Shawshank", "title_sk": "Vykúpenie z väznice Shawshank", "released": "1994-01-27", "length": 142, "description": "Mladý bankéř Andy Dufresne (Tim Robbins) je v roce 1947 odsouzen za vraždu své ženy a jejího milence. Přesto, že tento čin popírá, čeká na něj dvojnásobný doživotní trest v obávané věznici Shawshank. Andy se snaží přizpůsobit vězeňskému životu a po krušných začátcích se sblíží s Redem (Morgan Freeman), jenž si tu odpykává svůj doživotní trest už dvacet let. Sílu, jak přežít zdejší peklo, Andy nachází v tajném snu a skryté naději na svobodu...", "expanses": null, "earnings": null, "age_restriction": null, "trailer": null, "price": null, "link": null, "created": "2023-01-27T19:14:21.136Z", "updated": "2023-01-27T19:14:21.136Z", "country": [1], "genre": [1, 4], "images": []}}, {"model": "viewer.movie", "pk": 3, "fields": {"title_orig": "Pulp Fiction", "title_cz": "Pulp Fiction: Historky z podsvětí", "title_sk": "Pulp Fiction: Historky z podsvetia", "released": "1994-01-27", "length": 154, "description": "Nejkultovnější z kultovních filmů 90. let je autorskou Biblí Quentina Tarantina, který v tomto opusu definoval základní prvky své režisérské poetiky a vytvořil dílo rozněcující náročné kritiky na festivalu v Cannes, levicové a pravicové intelektuály i zedníky dopřávající si po těžké šichtě trochu oddychu. Pulp Fiction je multižánrovým opusem, který přetéká fetišistickými detaily a popkulturními odkazy a zároveň dokonale funguje jako svrchovaně napínavý film rozvržený do inovativní příběhové struktury. Chcete vidět homosexuální znásilnění sbližující dva nepřátele na život a na smrt?", "expanses": null, "earnings": null, "age_restriction": null, "trailer": null, "price": null, "link": null, "created": "2023-01-27T19:15:29.212Z", "updated": "2023-01-27T19:15:29.212Z", "country": [1], "genre": [1, 4], "images": []}}, {"model": "viewer.movie", "pk": 4, "fields": {"title_orig": "The Dark Knight", "title_cz": "Temný rytíř", "title_sk": "Temný rytier", "released": "2008-01-27", "length": 152, "description": "Další Batmanovo dobrodružství začíná. Jeho protivníkem je tentokrát záhadný psychopat Joker. Vítanou posilou by se Batmanovi mohl stát nový státní zástupce Harvey Dent, idealistický právník odhodlaný bojovat zejména proti mafiím ovládajícím podsvětí města. Dent chodí shodou okolností s Rachel, kterou Batman, alias milionář Bruce Wayne, také miluje. Čínský obchodník Lau, se kterým Wayne odmítne obchodovat, navrhne gothamským mafiánským skupinám pro jejich peníze bezpečný úkryt v Hongkongu, kam nesahá Dentova pravomoc. Do jednání nečekaně zasáhne Joker, který chce polovinu mafiánských peněz za likvidaci Batmana. Ti to odmítnou. Batman vzápětí Laua unese a dostane z něj jména mafiánů. Dent rozjede velkou akci, podaří se mu však dostat za mříže jen méně významné gangstery. Vzápětí Joker vyhlásí, že každý den zabije jednoho člověka, a bude to dělat tak dlouho, než Batman veřejně přizná svou identitu a nechá se zatknout...", "expanses": null, "earnings": null, "age_restriction": null, "trailer": null, "price": null, "link": null, "created": "2023-01-27T19:17:03.698Z", "updated": "2023-01-27T19:17:03.698Z", "country": [1, 2], "genre": [1, 4, 5, 6], "images": []}}, {"model": "viewer.movie", "pk": 5, "fields": {"title_orig": "The Lord of the Rings: The Fellowship of the Ring", "title_cz": "Pán prstenů: Společenstvo Prstenu", "title_sk": "Pán prsteňov: Spoločenstvo Prsteňa", "released": "2001-01-27", "length": 172, "description": "V dávných dobách byl vykován kouzelný prsten, který vlastnil pán Mordoru Sauron. Jeho moc začal využívat k šíření zla, ale o prsten nakonec v boji přišel, a ten na dlouhá léta zmizel. Nakonec ho našel hobit Bilbo Pytlík, který díky němu přestal stárnout. Na naléhavou žádost čaroděje Gandalfa předá prsten synovci Frodovi. Ten se svými kamarády Samem, Smíškem a Pipinem odcházejí do Hůrky a Gandalf se vydává pro radu za svým učitelem, čarodějem Sarumanem. Ten se však přidal na stranu zla a zajme ho. S pomocí tajemného hraničáře, přezdívaného Chodec, Frodo a jeho kamarádi uniknou jen o vlásek devíti černým jezdcům, kteří vyrazili z Temné věže, aby prsten našli a přinesli svému pánovi Sauronovi. Do Roklinky je svolána velká porada lidí a elfů, která rozhodne, že prsten musí být zničen. To je možné pouze tam, kde byl prsten zrozen, v ohni Hory osudu. Odvážný Frodo se nabídne, že tam prsten odnese. Nebezpečí je však příliš veliké, a tak se mu, jako jeho ochránci, postaví po bok čaroděj Gandalf, trpaslík Gimli, elf Legolas, bojovník Boromir, hobiti Sam, Smíšek a Pipin a také Chodec. Zrodí se Společenstvo Prstenu, které se vydává na nebezpečnou cestu plnou nástrah a nebezpečí.", "expanses": null, "earnings": null, "age_restriction": null, "trailer": null, "price": null, "link": null, "created": "2023-01-27T19:18:38.313Z", "updated": "2023-01-27T19:18:38.313Z", "country": [3, 1], "genre": [5, 7, 8], "images": []}}, {"model": "viewer.movie", "pk": 6, "fields": {"title_orig": "Django Unchained", "title_cz": "Nespoutaný Django", "title_sk": "Divoký Django", "released": 2012, "length": 165, "description": "Dej sa odohráva dva roky pred americkou občianskou vojnou Severu proti Juhu. V hlavnej úlohe s Jamie Foxxom ako Úspech misie vedie Schultza k oslobedeniu Djanga, ale aj napriek tomu sa ich cesty nerozídu, pomáha mu vyslobodiť z Úspech misie vedie Schultza k oslobedeniu Djanga, ale aj napriek tomu sa ich cesty nerozídu, pomáha mu vyslobodiť z otroctva i Djangovu ženu Broomhildu (Kerry Washington). Tá je však v zajatí bezohľadného plantážnika Calvina Candieho (Leonardo DiCaprio), majiteľa klubu, kde otrokyne ponúkajú ako sexuálne objekty a otrokov ako gladiátorov, ktorých pripravuje \"cvičiteľ\" otrokov Ace Woody (Kurt Russell). Django a Schultz v utajení vzbudzujú podozrenie u Stephena (Samuel L. Jackson), Candieho dôverného sluhu a ich zámer sa prezradí. Aby sa Djangovi a Schultzovi podarilo uniknúť s Broomhildou, musia si zvoliť medzi nezávislosťou a solidaritou, a medzi obetou a prežitím.otroctva i Djangovu ženu Broomhildu (Kerry Washington). Tá je však v zajatí bezohľadného plantážnika Calvina Candieho (Leonardo DiCaprio), majiteľa klubu, kde otrokyne ponúkajú ako sexuálne objekty a otrokov ako gladiátorov, ktorých pripravuje \"cvičiteľ\" otrokov Ace Woody (Kurt Russell). Django a Schultz v utajení vzbudzujú podozrenie u Stephena (Samuel L. Jackson), Candieho dôverného sluhu a ich zámer sa prezradí. Aby sa Djangovi a Schultzovi podarilo uniknúť s Broomhildou, musia si zvoliť medzi nezávislosťou a solidaritou, a medzi obetou a prežitím.otrokom Djangom, ktorý sa pod vplyvom doktora Schultza, nemeckého lovca ľudí v podaní Christophera Waltza, sám stane krutým lovcom ľudí za odmenu. Schultz je na stope vražedným bratom Brittlovcom, ku ktorým ho môže priviesť jedine Django. Neortodoxný Schultz získava Djanga s prísľubom vyslobodenia ho zo služieb bratov - či už mŕtvých alebo živých.", "expanses": null, "earnings": null, "age_restriction": null, "trailer": "", "price": null, "link": "", "created": "2023-01-30T18:17:46.938Z", "updated": "2023-01-30T18:17:46.938Z", "country": [], "genre": [], "images": []}}, {"model": "viewer.movie", "pk": 7, "fields": {"title_orig": "Rain Man", "title_cz": "Rain Man", "title_sk": "Rain Man", "released": 1988, "length": 133, "description": "Charley je podvodníček a profesionální hráč. Právě zjistí, že jeho otec, který ho jako teenagera vyhodil z domu, zemřel. V souvislosti s dědictvím se Charles dozvídá, že má bratra Raymonda, který je jako autista umístěn v ústavu. Raymond má ale geniální matematické schopnosti, dokáže z hlavy řešit a zapamatovat si i ty nejsložitější matematické příklady i kombinace. Jejich otec zanechal svůj majetek Raymondovi, který ovšem nemá ponětí o penězích a neví, jak s nimi nakládat. Charles se rozhodne svého bratra vyhledat, aby majetek získal. Přitom si uvědomí, jaké možnosti skýtají Raymondovy schopnosti v jeho „oboru“ a rozhodne se vzít bratra s sebou na „dlouhý výlet“. Zatím však nemá potuchy o tom, jak s autistickým člověkem zacházet… Kvůli roli autistického Raymonda strávil Dustin Hoffman (Malý velký muž, Tootsie, Motýlek, Kdo je Harry Kellerman, Kramerová versus Kramer) téměř rok v léčebnách, kde studoval chování autistických pacientů. Jeho bratra Charlese si zahrál Tom Cruise (Top Gun, Interview s upírem, Narozen 4. července, Firma).", "expanses": null, "earnings": null, "age_restriction": null, "trailer": "", "price": null, "link": "", "created": "2023-01-30T18:19:27.471Z", "updated": "2023-01-30T18:19:27.526Z", "country": [1], "genre": [1, 11], "images": []}}, {"model": "viewer.movie", "pk": 8, "fields": {"title_orig": "Inception", "title_cz": "Počátek", "title_sk": "Počiatok", "released": 2010, "length": 148, "description": "Dom Cobb (Leonardo DiCaprio) je velmi zkušený zloděj a jeho největší mistrovství je v krádeži nejcennějších tajemství. Ovšem není to jen tak obyčejný zloděj. Dom krade myšlenky z lidského podvědomí v době, kdy lidská mysl je nejzranitelnější – když člověk spí. Cobbova nevšední dovednost z něj dělá nejen velmi vyhledávaného experta, ale také ohroženého uprchlíka. Musel obětovat vše, co kdy miloval. Nyní se mu však nabízí šance na vykoupení. Může získat zpět svůj život. Tato poslední zakázka je nejen velmi riskantní, ale zdá se, že i nemožná. Tentokrát nemá za úkol myšlenku ukrást, ale naopak ji zasadit do něčí mysli. Pokud uspěje, bude to dokonalý zločin.", "expanses": null, "earnings": null, "age_restriction": null, "trailer": "", "price": null, "link": "", "created": "2023-01-30T18:19:27.556Z", "updated": "2023-01-30T18:19:27.632Z", "country": [1], "genre": [5, 6, 8, 12, 13], "images": []}}, {"model": "viewer.movie", "pk": 9, "fields": {"title_orig": "Gladiator", "title_cz": "Gladiátor", "title_sk": "Gladiátor", "released": 2000, "length": 155, "description": "Příběh římského generála Maxima začíná v zimě roku 180, kdy v čele římských legií zvítězil nad germánskými kmeny. Po bitvě dorazí do ležení císař Marcus Aurelius se svými dětmi, slabošským synem Commodem a dcerou Lucillou, která byla kdysi Maximovou milenkou. Věčnými boji unavený císař požádá Maxima, aby se po jeho smrti stal protektorem Říma. Generál to však odmítne. Když se Commodus dozví, že ho otec nehodlá jmenovat svým nástupcem, zákeřně ho usmrtí a zmocní se vlády. Maximus se novému vládci odmítne podrobit a je zatčen. Podaří se mu uprchnout a spěchá domů. Svůj dům najde vypálený a manželku i syna zavražděné. Vyčerpán žalem i zraněním omdlí a probere se v zajetí otrokářské karavany. Je pak prodán bývalému gladiátorovi Proximovi. Společně s černým otrokem Jubou projde gladiátorským výcvikem a dostane přezdívku Španěl. Commodus se vrací do Říma a chce rozpustit senát. K tomu však potřebuje získat na svou stranu lid. Rozhodne se proto uspořádat velkolepé gladiátorské hry, kam přijíždí i Proximovi gladiátoři.", "expanses": null, "earnings": null, "age_restriction": null, "trailer": "", "price": null, "link": "", "created": "2023-01-30T18:19:27.658Z", "updated": "2023-01-30T18:19:27.732Z", "country": [1, 2], "genre": [1, 5, 8], "images": []}}, {"model": "viewer.movie", "pk": 10, "fields": {"title_orig": "Bohemian Rhapsody", "title_cz": "Bohemian Rhapsody", "title_sk": "Bohemian Rhapsody", "released": 2018, "length": 134, "description": "Film Bohemian Rhapsody je oslavou rockové skupiny Queen, jejich hudby a především Freddieho Mercuryho, který svou tvorbou i životem vzdoroval všem myslitelným stereotypům, díky čemuž se stal jedním z nejvýraznějších umělců na světě. Snímek mapuje raketový vzestup nekonvenční skupiny prostřednictvím jejich revolučního zvuku a ikonických písní, jako jsou „We Will Rock You“, „We Are the Champions“ nebo právě „Bohemian Rhapsody“. Jejich příběh začíná bleskovým startem, pokračuje neřízenou životní spirálou a vrcholí nezapomenutelným, strhujícím vystoupením na koncertu Live Aid v roce 1985. Na jeho pódiu Queen v čele se rtuťovitým Freddiem předvedli jednu z největších show v historii rocku. Jejich hudba byla a stále je ohromnou inspirací pro celý svět.", "expanses": null, "earnings": null, "age_restriction": null, "trailer": "", "price": null, "link": "", "created": "2023-01-30T18:19:27.758Z", "updated": "2023-01-30T18:19:27.813Z", "country": [2], "genre": [1, 14, 15], "images": []}}, {"model": "viewer.movie", "pk": 11, "fields": {"title_orig": "Cast Away", "title_cz": "Trosečník", "title_sk": "Stroskotanec", "released": 2000, "length": 143, "description": "Pečlivý a energický Chuck Noland je zaměstnán u známé společnosti FedEx, která rozváží poštu po celém světě. Díky tomu žije velmi rychle. Jeden den je v Rusku, vzápětí pár hodin stráví ve Francii. Pro samý spěch si vlastně ani nedokáže užívat života. Práce Chucka okrádá o tolik času, že si se svojí důvěrnou přítelkyní Kelly dokonce předává vánoční dárky v autě na letišti. Když za několik hodin opět letí z Ruska zpět do Ameriky, letadlo FedExu s piloty a Chuckem nečekaně havaruje. Katastrofu a pád do moře přežije pouze Chuck, kterému se s malým člunem podaří dostat na neznámý ostrůvek. Po prvním šoku začíná po vzoru Robinsona Crusoa na stromě odškrtávat dny, při životě ho drží láska ke Kelly a naděje, že ho v krátké době někdo objeví… Dobrodružně laděný příběh o nezdolné lidské vůli nevzdávat se a bojovat o svůj život a své sny – natočil úspěšný hollywoodský režisér Robert Zemeckis (Návrat do budoucnosti I-III, Forrest Gump, Pod povrchem). Přípravy na filmový projekt začaly už někdy v roce 1998, kdy Tom Hanks o napsání scénáře k tomuto projektu požádal Williama Broylese Jr. (scenáristu Apolla 13 a Forresta Gumpa). Při jeho filmové realizaci pak musel podstoupit drastickou dietu a v průběhu přerušeného natáčení, za několik měsíců zhubnul o dvacet kilo. Tím působivěji pak předvedl proměnu z výkonného workoholika na polodivokého trosečníka se sklony k šílenství. S jeho skvělým hereckým výkonem film stojí i padá. Za ztvárnění Chucka byl Tom Hanks v roce 2000 oceněn Cenou kruhu newyorských filmových kritiků (nejlepší herec) a Zlatým glóbem (nejlepší herec v dramatu). Úlohu jeho přítelkyně Kelly Frearsové vytvořila Helen Huntová (Dr. T a jeho ženy, Lepší už to nebude, Po čem ženy touží).", "expanses": null, "earnings": null, "age_restriction": null, "trailer": "", "price": null, "link": "", "created": "2023-01-30T18:19:27.848Z", "updated": "2023-01-30T18:19:27.900Z", "country": [1], "genre": [1, 8], "images": []}}, {"model": "viewer.movie", "pk": 12, "fields": {"title_orig": "Interstellar", "title_cz": "Interstellar", "title_sk": "Interstellar", "released": 2014, "length": 169, "description": "Když se náš čas na Zemi chýlí ke konci, je skupina výzkumníků pověřena nejdůležitějším posláním v lidských dějinách: cestou za hranice naší galaxie, při které má za úkol najít mezi hvězdami pro lidstvo nový domov.", "expanses": null, "earnings": null, "age_restriction": null, "trailer": "", "price": null, "link": "", "created": "2023-01-30T18:19:27.931Z", "updated": "2023-01-30T18:19:27.997Z", "country": [1], "genre": [1, 8, 12], "images": []}}, {"model": "viewer.movie", "pk": 13, "fields": {"title_orig": "Babylon", "title_cz": "Babylon", "title_sk": "Babylon", "released": 2022, "length": 189, "description": "Damien Chazelle nakrútil film Babylon o vzostupoch aj pádoch hrdinov filmárskeho šialenstva v dekadentnom Hollywoode dvadsiatych rokov minulého storočia. Nemé filmy ustupujú zvukovým a ich herci aj tvorcovia sa tomu snažia prispôsobiť. Nie všetkým táto zmena vyhovuje..", "expanses": null, "earnings": null, "age_restriction": null, "trailer": "", "price": null, "link": "", "created": "2023-01-30T18:19:28.039Z", "updated": "2023-01-30T18:19:28.082Z", "country": [1], "genre": [1], "images": []}}, {"model": "viewer.movie", "pk": 14, "fields": {"title_orig": "Love Actually", "title_cz": "Láska nebeská", "title_sk": "", "released": 2003, "length": 135, "description": "Láska nebeská s vtipem odhaluje citová vzplanutí i chladnutí v období vánočních svátků. Milenci a milenky, manželé a manželky, tátové a synové, rockové hvězdy a jejich manažeři, ti všichni prožívají ne jednu Lásku nebeskou, ale hned deset jejích různých podob.", "expanses": null, "earnings": null, "age_restriction": null, "trailer": "", "price": null, "link": "", "created": "2023-01-30T18:19:28.114Z", "updated": "2023-01-30T18:19:28.114Z", "country": [4, 1, 2], "genre": [1, 2, 3], "images": []}}, {"model": "viewer.movie", "pk": 15, "fields": {"title_orig": "Edge of tomorrow", "title_cz": "Na hraně zítřka", "title_sk": "Na hrane zajtrajška", "released": 2014, "length": 108, "description": "Příběh se odehrává v blízké budoucnosti. Mimikové, mimozemská rasa připomínající včelí kolonii, vytrvale útočí na Zemi, obracejí velká města v hromadu trosek a zanechávají za sebou miliony lidských obětí. Podplukovník Bill Cage (Tom Cruise), který nikdy nebyl v žádné bitvě, je bez cirátů degradován a s nulovým výcvikem a mizernou výzbrojí poslán splnit úkol, který není ničím jiným než sebevražednou misí. Během několika minut je zabit, předtím se mu však podaří zneškodnit Alphu. Ač se to zdá nemožné, procitne opět na začátku toho samého pekelného dne a je nucen znovu bojovat a zemřít... a tak stále dokola. Přímý fyzický kontakt s mimozemšťanem způsobil, že se dostal do časové smyčky a je tak odsouzen prožívat nelítostnou bitvu znovu a znovu. S každým dalším pokusem se však zvyšuje jeho odolnost a pohotovost a své rostoucí schopnosti dokáže v boji s Mimiky lépe využívat. Po jeho boku bojuje členka speciálních jednotek Rita Vrataski (Emily Blunt), která zlikvidovala víc Mimiků než kterýkoliv jiný bojovník na Zemi. Každá další bitva je pro Cagea a Ritu příležitostí najít způsob, jak mimozemské vetřelce porazit a Zemi zachránit.", "expanses": null, "earnings": null, "age_restriction": null, "trailer": "", "price": null, "link": "", "created": "2023-01-30T18:21:49.936Z", "updated": "2023-01-30T18:21:49.936Z", "country": [5, 1], "genre": [5, 8, 12], "images": []}}, {"model": "viewer.movie", "pk": 16, "fields": {"title_orig": "Top Gun: Maverick", "title_cz": "Top Gun: Maverick", "title_sk": "Top Gun: Maverick", "released": 2022, "length": 131, "description": "Pete „Maverick“ Mitchell (Tom Cruise) k smrti rád pilotuje stíhačky. Dokonce tak, že se už přes třicet let úspěšně brání povýšení ve strukturách amerického letectva, protože to by ho z kokpitu vyhnalo do vyhřáté kanceláře. Maverick byl navíc vždycky magnetem na průšvihy, což se s armádní kariérou taky docela vylučuje. Pilot je ovšem bravurní, možná ten úplně nejlepší, a proto dostane nabídku stát se instruktorem elitních stíhačů z programu Top Gun, které má připravit na úkol, jenž spadá do kategorie Mission Imposssible. Kromě téhle bude muset Maverick zvládnout i jednu obtížnou soukromou misi. Jedním z pilotů, které má připravit do akce, je i Bradley Bradshaw (Miles Teller), syn jeho kamaráda a navigátora Goose. Znalci prvního Top Gunu vědí, že Goose zahynul, když se neúspěšně katapultoval z neovladatelné stíhačky, pilotované právě Maverickem. A jeho syn mu otcovu smrt klade za vinu. Maverick za žádnou cenu nechce, aby Bradleyho potkal stejný osud jako jeho otce. Přitom si uvědomuje, že pravděpodobnost, že některý z pilotů plánovanou leteckou operaci nepřežije, není vůbec malá", "expanses": null, "earnings": null, "age_restriction": null, "trailer": "https://www.csfd.cz/film/286035-top-gun-maverick/prehled/", "price": null, "link": "", "created": "2023-01-30T18:22:12.452Z", "updated": "2023-01-30T18:22:12.553Z", "country": [1], "genre": [1, 5], "images": []}}, {"model": "viewer.movie", "pk": 17, "fields": {"title_orig": "The Whale", "title_cz": "Velryba", "title_sk": "Veľryba", "released": 2022, "length": 117, "description": "Lidé jsou úžasní. Tento nakažlivý optimismus je superschopností Charlieho. Vidí v lidech jen dobro a v nás tak probouzí empatii. Téměř tří set kilový osamělý učitel, ztvárněný miláčkem publika Brendanem Fraserem, se snaží najít cestu zpět ke své dceři Ellie (Sadie Sink). Pod tíhou vlastních traumat se jen složitě vyrovnává s minulostí, uzavřel se ve svém bytě, stresové situace řeší přejídáním, ale na půdorysu svého třípokojového bytu je majákem dobra pro sebe i své okolí", "expanses": null, "earnings": null, "age_restriction": null, "trailer": "https://www.csfd.cz/film/969361-velryba/prehled/", "price": null, "link": "", "created": "2023-01-30T18:22:12.581Z", "updated": "2023-01-30T18:22:12.624Z", "country": [1], "genre": [1], "images": []}}, {"model": "viewer.movie", "pk": 18, "fields": {"title_orig": "Vyšehrad : Fylm", "title_cz": "Vyšehrad: Fylm", "title_sk": "Vyšehrad: Fylm", "released": 2022, "length": 105, "description": "Od chvíle, kdy jsme Julia Lavického (Jakub Štáfek) viděli naposledy (ano, bylo to tehdy, když „prodal\" zápas, ale zapomněl na to, a dal krásný gól), uběhl více než rok. Lavi je, jak by řekl jeho agent Jarda (Jakub Prachař), pořád stejný dement, ale začalo se mu konečně dařit. A to jak ve fotbalovém, tak v osobním životě. S Vyšehradem postoupil do druhé ligy, kde vede tabulku střelců, opět po něm pokukují zámožnější kluby, dokonce požádal o ruku svou přítelkyni Lucii (Šárka Vaculíková), sestru Jardy... Na svatbě, která stála majlant, ale zjistí, že má už osmiletého syna, což novomanželku rozhodně nepotěší. Nedostatek financí se rozhodne řešit půjčkou od ne zrovna čestné party, zároveň se snaží nepřijít o manželku hned ve svatební den, postarat se o dítě, což je mu na hony vzdálené, dostat se z Vyšehradu někam výš, nebo se poprat s praktikami jistého fotbalového Taťky... Prostě už zase se řítí jak lavina – z jednoho problému do druhého!", "expanses": null, "earnings": null, "age_restriction": null, "trailer": "https://www.csfd.cz/film/912147-vysehrad-fylm/prehled/", "price": null, "link": "", "created": "2023-01-30T18:22:12.654Z", "updated": "2023-01-30T18:22:12.716Z", "country": [6], "genre": [2, 16], "images": []}}, {"model": "viewer.movie", "pk": 19, "fields": {"title_orig": "Requiem for a Dream", "title_cz": "Rekviem za sen", "title_sk": "Requiem za sen", "released": 2000, "length": 102, "description": "Ovdovělá Sara Goldfarbová žije na Coney Island a snadno podléhá mámení televizních pořadů. Právě teď drží dietu, aby se mohla účastnit jedné ze show. Její milý ale bezmocný syn Harry má novou přítelkyni Marion a společně se snaží čelit bolestné realitě útěkem do snů. Ani Harryho nejlepší přítel Tyrone, který se živí prodejem drog, nemá snadný život. A tak se čtveřice lidí, jimž osud nepřál štěstí, točí v bludném kruhu bezmoci a beznaděje.", "expanses": null, "earnings": null, "age_restriction": null, "trailer": "https://www.csfd.cz/film/14317-requiem-za-sen/prehled/", "price": null, "link": "", "created": "2023-01-30T18:22:12.745Z", "updated": "2023-01-30T18:22:12.802Z", "country": [1], "genre": [1], "images": []}}, {"model": "viewer.movie", "pk": 20, "fields": {"title_orig": "Harry Potter and the Goblet of Fire", "title_cz": "Harry Potter a Ohnivý pohár", "title_sk": "Harry Potter a Ohnivá čaša", "released": 2005, "length": 157, "description": "Harryho Pottera (Daniel Radcliffe) už istý čas prenasledujú nočné mory, vďaka ktorým ho jeho jazva bolí viac ako inokedy. Pred znepokojivými snami sa pokúša uniknúť tak, že so svojimi priateľmi Ronom Weasleym (Rupert Grint) a Hermionou Grangerovou (Emma Watson) navštívi majstrovstvá sveta v metlobale. Oblohu nad skandujúcimi fanúšikmi však rozžiari Temné znamenie - zlovestný úkaz, ktorý je akýmsi podpisom Lorda Voldemorta (Ralph Fiennes). Vyčarovali ho Smrťožrúti - jeho prívrženci -, ktorí sa vyhýbajú verejnosti už od Voldemortovho zmiznutia pred trinástimi rokmi. Vtedy zavraždil Harryho rodičov... Harry túži po návrate za bezpečné steny školy v Rokforte, kde ho môže ochrániť profesor Dumbledore (Michael Gambon). Teraz bude ale všetko trošku inak. Dumbledore totiž oznamuje, že Rokfortská stredná škola čarodejnícka bude práve tento rok organizovať prestížny Trojčarodejnícky turnaj - jednu z najpozoruhodnejších a najriskantnejších súťaží čarodejníckeho sveta! Každá z troch najväčších a najvychýrenejších čarodejníckych škôl si vyberie jedného šampióna, ktorý bude plniť nebezpečné úlohy a bude sa snažiť získať cenný Trojčarodejnícky pohár. Študenti Rokfortu užasnuto sledujú, ako do Veľkej siene prichádzajú pôvabné dievčatá z Beauxbatonskej akadémie a mocní chlapci zo školy v Durmstrangu - a bez dychu čakajú na výber svojich šampiónov...", "expanses": null, "earnings": null, "age_restriction": null, "trailer": "https://video.pmgstatic.com/files/videos/000/309/309834/157709261_63737e.mp4", "price": null, "link": "https://www.csfd.sk/film/42949-harry-potter-a-ohniva-casa/galeria/plagaty/", "created": "2023-01-30T18:22:12.834Z", "updated": "2023-01-30T18:22:12.906Z", "country": [1], "genre": [7, 8, 17], "images": []}}, {"model": "viewer.movie", "pk": 21, "fields": {"title_orig": "Harry Potter and the Order of the Phoenix", "title_cz": "Harry Potter a Fénixův řád", "title_sk": "Harry Potter a Fénixov rád", "released": 2007, "length": 138, "description": "Harry Potter (Daniel Radcliffe) sa vracia do Rokfortu, aby nastúpil do piateho ročníka školy čarov a kúziel. Tam však zistí, že väčšina členov kúzelníckej komunity verí, že jeho nedávne stretnutie s Lordom Voldemortom (Ralph Fiennes) je obyčajný výmysel, čím je zásadne spochybnená Harryho dôveryhodnosť. Ba čo horšie, minister kúziel Kornelius Fudge (Robert Hardy) opäť vymenoval nového učiteľa obrany proti čiernej mágii. V lekciách podozrivej profesorky Umbridgeovej (Imelda Staunton) sa však mladí čarodejníci nič zásadné nenaučia, a preto nemajú dostatok vedomostí k boju s temnými silami, ktoré sa okolo nich sťahujú. Na Hermioninu (Emma Watson) a Ronovu (Rupert Grint) výzvu sa Harry rozhodne vziať chod vecí do svojich rúk. Tajne sa začne schádzať s malou skupinou študentov, ktorí sa hrdo nazvali Dumbledorova armáda, a učí ich, ako sa ubrániť čiernej mágii. Hoci je sám ešte len študent, pripravuje odvážnych mladých čarodejníkov na nebezpečnú bitku, ktorá čoskoro prepukne.", "expanses": null, "earnings": null, "age_restriction": null, "trailer": "https://video.pmgstatic.com/files/videos/000/306/306613/157703323_5dc380.mp4", "price": null, "link": "https://www.csfd.sk/film/197182-harry-potter-a-fenixov-rad/", "created": "2023-01-30T18:22:12.938Z", "updated": "2023-01-30T18:22:13.007Z", "country": [1], "genre": [7, 8, 17], "images": []}}, {"model": "viewer.movie", "pk": 22, "fields": {"title_orig": "Harry Potter and the Philosopher's Stone", "title_cz": " Harry Potter a Kámen mudrců", "title_sk": "Harry Potter a Kameň mudrcov", "released": 2001, "length": 152, "description": "Harry Potter je sirota a žije u svojich jediných príbuzných, Dursleyovcov. Tí sa o neho starajú naozaj len z povinnosti a najradšej by boli, keby mohol ísť Harry preč. Ich želanie sa naplní, keď malý Harry dovŕši 11 rokov. To je vek, kedy sa začína povinná školská dochádzka na Rokfortskej strednej škole čarodejníckej - Harrymu začnú chodiť listy, ktoré však jeho strýko s tetou ignorujú, navštívi ho sympatický polobor Hagrid, a na jeho odporúčanie sa dostane do Rokfortu, kde spolu so svojimi dvoma novými kamarátmi Ronom Weasleym a Hermionou Grangerovou zažíva najväčšie dobrodružstvá svojho života.", "expanses": null, "earnings": null, "age_restriction": null, "trailer": "https://video.pmgstatic.com/files/videos/000/307/307631/157705205_d35e87.mp4", "price": null, "link": "https://www.csfd.sk/film/1626-harry-potter-a-kamen-mudrcov/", "created": "2023-01-30T18:22:13.034Z", "updated": "2023-01-30T18:22:13.103Z", "country": [1], "genre": [7, 8, 17], "images": []}}, {"model": "viewer.movie", "pk": 23, "fields": {"title_orig": "Harry Potter and the Half-Blood Prince", "title_cz": " Harry Potter a Princ dvojí krve", "title_sk": "Harry Potter a Polovičný princ", "released": 2009, "length": 147, "description": "Návrat Lorda Voldemorta zapríčiní vo svete kúzelníkov spúšť. Harry (Daniel Radcliffe) má podozrenie, že nebezpečenstvo číha priamo v Bradaviciach, ale Dumbledor (Michael Gambon) sa sústredí na prípravu poslednej bitky, ktorá sa blíži. Potrebuje, aby mu Harry pomohol rozlúsknuť dôležitý kľúč, ktorý vedie k rozuzleniu Voldemortovej obrany. Rozhodujúcu informáciu však pozná iba bývalý profesor Horác Kriklan. Medzitým útočí na študentov ešte úplne iný nepriateľ – ich tínedžerské hormóny. Harryho dlhodobé priateľstvo s Ginnou Weaslyovou (Bonnie Wright) prerastá v hlbší cit, ale v ceste stojí jej priateľ, Dean Thomas, nehovoriac o jej veľkom bratovi Ronovi (Rupert Grint). Lenže Ron má svojich starostí dosť s romantickými pletkami – Lavender Brownová nešetrí svojou láskou k nemu a Hermiona (Emma Watson) v ústraní žiarli, ale je rozhodnutá neprejaviť svoje city za žiadnu cenu. A k tomu všetkému ešte čokolády napustené nápojom lásky, ktoré skončia v nesprávnych rukách a všetko úplne zmenia.", "expanses": null, "earnings": null, "age_restriction": null, "trailer": "https://video.pmgstatic.com/files/videos/000/307/307631/157705205_d35e87.mp4", "price": null, "link": "https://www.csfd.sk/film/224184-harry-potter-a-polovicny-princ/", "created": "2023-01-30T18:22:13.144Z", "updated": "2023-01-30T18:22:13.208Z", "country": [1], "genre": [7, 8, 17], "images": []}}, {"model": "viewer.movie", "pk": 24, "fields": {"title_orig": "Harry Potter and the Deathly Hallows: Part 1", "title_cz": "Harry Potter a Relikvie smrti - část 1", "title_sk": "Harry Potter a Dary smrti - 1.", "released": 2010, "length": 140, "description": "Harry Potter a Dary smrti je siedmym a posledným pokračovaním dobrodružstiev Harryho Pottera, ktoré je očakávanou udalosťou a bude rozdelené do dvoch celovečerných filmov. Prvá časť začína, keď sa Harry (Daniel Radcliffe), Ron (Rupert Grint) a Hermiona (Emma Watson) vydávajú na nebezpečnú misiu, ktorej cieľom je nájsť a zničiť tajomstvo Voldemortovej nesmrteľnosti. Spoliehať sa musia len sami na seba, a to viac, ako kedykoľvek predtým, pretože im už profesori nepomôžu a budú tiež bez ochrany profesora Dumbledora. Navyše sú medzi nimi temné sily, ktoré sa ich snažia rozdeliť. Medzitým sa čarodejnícky svet stáva nebezpečným miestom pre všetkých nepriateľov Pána zla. Dlho obávaná vojna so zlom začala, Voldemortovi smrťožrúti kontrolujú ministerstvo kúziel i Bradavice a terorizujú a zatýkajú všetkých, ktorí by sa im chceli postaviť. To najcennejšie, čo Voldemort chce, ale stále nemá je Harry Potter. Vyvolený sa stal loveným. Smrťožrúti hľadajú Harryho všade, aby ho podľa príkazu Voldemorta priviedli živého. Harryho jedinou nádejou je, že nájde horcruxy skôr, než Voldemort nájde jeho. Pri hľadaní stôp objavuje starý a takmer zabudnutý príbeh - legendu o daroch smrti. A ak je legenda pravdivá, mohol by Voldemort získať neobmedzenú moc a silu, po ktorej túži. (TV Markíza)", "expanses": null, "earnings": null, "age_restriction": null, "trailer": "https://video.pmgstatic.com/files/videos/000/311/311657/157712661_af683f.mp4", "price": null, "link": "https://www.csfd.sk/film/230063-harry-potter-a-dary-smrti-1/", "created": "2023-01-30T18:22:13.248Z", "updated": "2023-01-30T18:22:13.333Z", "country": [1], "genre": [7, 8, 17], "images": []}}, {"model": "viewer.movie", "pk": 25, "fields": {"title_orig": "Harry Potter and the Prisoner of Azkaban", "title_cz": "Harry Potter a vězeň z Azkabanu", "title_sk": "Harry Potter a väzeň z Azkabanu", "released": 2004, "length": 141, "description": "Třetí školní rok nezačíná pro Harryho nejlépe. Nejprve poruší zákaz kouzlení mimo školu, když se nechá vyprovokovat urážkami strýcovy sestry Marge na adresu svých rodičů. Když pak odejde od Dursleyových a záchranným autobusem se dopraví do hostince Děravý kotel, setká se sice s Hermionou a Ronem, také se však dozví, že z azkabanského vězení uprchl nebezpečný Sirius Black a že to má něco společného s ním. Co, to mu však nikdo nechce říci. Nakonec se málem stane obětí azkabanských strážců mozkomorů, kteří prohledávají bradavický vlak. Zachrání ho muž podřimující v kupé, který se představí jako profesor Lupin. Jak se ukáže, je novým učitelem obrany proti černé magii. Další změnou je jmenování Hagrida učitelem péče o kouzelné tvory. Školní rok probíhá v napjaté atmosféře, protože kolem školy krouží mozkomoři, kteří ji mají chránit a pátrat po Blackovi. Po značných komplikacích Harry zjistí, že Black byl přítelem jeho rodičů a je jeho kmotr, údajně to však byl on, kdo jeho rodiče vydal Voldemortovi a zabil kouzelníka Petera Petigrewa, který se je pokusil chránit. Situace se dramaticky vyhrotí, když se velký černý pes zmocní Rona a odvleče ho tajnou chodbou do Chroptící chýše. Když se však Harrymu a Herminoně podaří proniknout za nimi, čeká je nejedno šokující překvapení.", "expanses": null, "earnings": null, "age_restriction": null, "trailer": "", "price": null, "link": "", "created": "2023-01-30T18:22:13.367Z", "updated": "2023-01-30T18:22:13.447Z", "country": [1, 2], "genre": [7, 8, 13, 17], "images": []}}, {"model": "viewer.movie", "pk": 26, "fields": {"title_orig": "Harry Potter and the Deathly Hallows: Part 2", "title_cz": "Harry Potter a Relikvie smrti - část 2", "title_sk": "Harry Potter a Dary smrti - 2.", "released": 2011, "length": 125, "description": "Potterovská fantasy sága se uzavírá, tímto dílem nelítostný zápas dobra se zlem vrcholí. Trojice věrných kamarádů - Harry, Hermiona a Ron - plní úkol, který po zásahu smrtící kletbou nemohl splnit moudrý Albus Brumbál. Na trojlístek hrdinů číhají nebezpečné nástrahy na každém kroku, ale ani v nucených úkrytech neztrácejí podporu oddaných přátel. Vypátrání a zničení viteálů je jedinou zárukou jejich vítězství. Harryho čeká rozhodující bitva s lordem Voldemortem, která rozhodne o osudu čarodějnického světa a školy v Bradavicích.", "expanses": null, "earnings": null, "age_restriction": null, "trailer": "", "price": null, "link": "", "created": "2023-01-30T18:22:13.476Z", "updated": "2023-01-30T18:22:13.550Z", "country": [1, 2], "genre": [1, 7, 8, 17], "images": []}}, {"model": "viewer.movie", "pk": 27, "fields": {"title_orig": "Sense and Sensibility", "title_cz": "Rozum a cit", "title_sk": "Rozum a cit", "released": 1995, "length": 131, "description": "Anglie počátku 19. století: krajina podobná parku, domácká sídla a v nich šťastní a laskaví lidé. Ale všechno není tak idylické, jak to vypadá. paní Dashwoodová se svými třemi dcerami - Elinor, Marianne a Margaret - se po Romány britské spisovatelky Jane Austenové (1775 - 1817) rozhodně nepatří mezi mrtvou literární klasiku. Jeden z jejích nejlepších románů, \"Rozum a cit\" (1811), se přičiněním vynikajícího tvůrčího týmu proměnil ve vtipnou, romantickou komedii o problémech s láskou, které nikdy nestárnou.manželově smrti musí vystěhovat právě z takového útulného sídla. Nový domov najde u vzdáleného příbuzného, starosti se dvěma dcerami na vdávání jí však zůstanou. Naštěstí najde v rozumné Elinor zalíbení bohatý a laskavý Edward Ferras, zatímco o vznětlivou Marianne projeví zájem ušlechtilý plukovník Brandon. Elinor však zjistí, že Edward je tajně zasnouben s jinou a Marianne před uzavřeným nápadníkem popřeje sluchu raději romantickému dvoření povětrného Willoughbyho. Vypadá to, že zlomená srdce už nikdo nenapraví - kdyby ovšem nešlo o ironickou komedii s dvojitým šťastným koncem.", "expanses": null, "earnings": null, "age_restriction": null, "trailer": "", "price": null, "link": "", "created": "2023-01-30T18:22:13.578Z", "updated": "2023-01-30T18:22:13.645Z", "country": [1, 2], "genre": [1, 2, 3], "images": []}}, {"model": "viewer.movie", "pk": 28, "fields": {"title_orig": "The King's Speech", "title_cz": "Králova řeč", "title_sk": "", "released": 2010, "length": 118, "description": "Po smrti otce, anglického krále Jiřího V. (Michael Gambon) a skandální abdikaci krále Eduarda VIII. (Guy Pearce), je Bertie (Colin Firth), který celý život trpí vadou řeči, nečekaně korunovaný králem Jiřím VI. Země stojí na prahu 2. světové války a zoufale potřebuje silného vůdce. Proto králova žena Alžběta (Helena Bonham Carter), budoucí královna matka, domluví svému muži setkání s excentrickým terapeutem řeči Lionelem Loguem (Geoffrey Rush). Po tuhém začátku se tito dva ponoří do neobvyklého způsobu léčby a časem mezi nimi vznikne nenarušitelné pouto. S pomocí Loguea, rodiny, vlády a Winstona Churchilla (Timothy Spall) král překoná koktání a pronese zásadní řeč v rádiu, která inspiruje anglický lid a spojí jej ve válečné bitvě.", "expanses": null, "earnings": null, "age_restriction": null, "trailer": "", "price": null, "link": "", "created": "2023-01-30T18:22:13.671Z", "updated": "2023-01-30T18:22:13.738Z", "country": [7, 1, 2], "genre": [1, 14], "images": []}}, {"model": "viewer.movie", "pk": 29, "fields": {"title_orig": "Bridget Jones's Diary", "title_cz": "Deník Bridget Jonesové", "title_sk": "", "released": 2001, "length": 93, "description": "Bridget Jonesová je jednatřicetiletá sympatická Angličanka, která svou osamělost zahání cigaretami, alkoholem a množstvím nezdravého jídla. Navíc má zvláštní talent na trapasy. Jeden z nich ji čeká na novoroční oslavě, kde se jí matka pokusí dohodit vhodného ženicha. Tentokrát to je protivný a snobský právník Mark Darcy, kterého zná z dětství. Nejenže je Bridget nesympatický, ale navíc se před ním ztrapní. To je poslední kapka, která ji vede k rozhodnutí omezit kouření, alkohol, nezdravé jídlo a také sny o mužích. Díky řadě drobných trapasů v nakladatelství, kde pracuje, si jí všimne její pohledný nadřízený Daniel Cleaver, který s ní začne otevřeně flirtovat. Z Daniela a Bridget se stanou milenci a žena prožívá chvilky opravdového štěstí. Toto období netrvá dlouho, protože Bridget zjistí, že ji přelétavý Daniel podvádí s kolegyní. Navíc se dozví, že její matka opustila otce. Bridget se nejprve doma opije, ale pak se rozhodne začít nový život.", "expanses": null, "earnings": null, "age_restriction": null, "trailer": "", "price": null, "link": "", "created": "2023-01-30T18:22:13.767Z", "updated": "2023-01-30T18:22:13.835Z", "country": [4, 8, 2], "genre": [2, 3], "images": []}}, {"model": "viewer.movie", "pk": 30, "fields": {"title_orig": "Bridget Jones: The Edge of Reason", "title_cz": "Bridget Jonesová - S rozumem v koncích", "title_sk": "", "released": 2004, "length": 108, "description": "Bridget je ze vztahu s dokonalým gentlemanem Markem Darcym nadšená a stále nemůže uvěřit, že konečně našla lásku a přestala být „single“. Mark je uznalý, ohleduplný a tolerantní. Jakmile se ale na scéně objeví Markova nová asistentka Rebecca, Bridgetiny růžové obláčky, na kterých se až dosud vznášela, náhle zešednou. Stále častější záchvaty sebepodceňování začnou negativně ovlivňovat jejich vzájemnou lásku. Podlehne zoufalství a hnána „dobrými radami“ svých přátel se s Markem nečekaně rozchází. Bridget se sice trápí, ale v práci se jí daří a dostává nabídku spolupracovat s bývalým šéfem, záletným ex-přítelem Danielem. Letí s ním do Thajska natáčet reportáž. Znovu zažije spoustu komických nedorozumění a trapných chvil, které se mohou stát jenom jí. Při zpáteční cestě je na letišti obviněna z pašování drog, její šance na propuštění z vězení jsou pramalé, ale naštěstí je tu ještě Mark Darcy...", "expanses": null, "earnings": null, "age_restriction": null, "trailer": "", "price": null, "link": "", "created": "2023-01-30T18:22:13.860Z", "updated": "2023-01-30T18:22:13.941Z", "country": [4, 8, 9, 2], "genre": [2, 3], "images": []}}, {"model": "viewer.movie", "pk": 31, "fields": {"title_orig": "Bridget Jones's Baby", "title_cz": "Dítě Bridget Jonesové", "title_sk": "", "released": 2016, "length": 118, "description": "Utrpení největší smolařky v dějinách dosud neskončilo. Bridget Jonesová je stále bez chlapa. Jak název třetího dílu slavné série napovídá, tím hlavním malérem bude tentokrát neplánované těhotenství. Taková věc dokáže vykolejit i životem otřískanou Bridget, zvlášť když naprosto netuší, s kým počala. Jak se to rýmuje s faktem, že je stále bez chlapa? Celkem jednoduše. Stačí v doprovodu kolegyně navštívit odvázaný hudební festival a v jeho průběhu se vyspí s pohledným cizincem (Patrick Dempsey). A když se záhy na jedné společenské akci na vlastní tělo přesvědčí, že stará láska (Colin Firth) nerezaví, byť před pár lety definitivně skončila, je „štěstí\" hotovo. Protože jí s rozluštěním zapeklitého rébusu nepomůže ani lehce cynická gynekoložka (spoluscenáristka Emma Thompson), ocitne se Bridget ve velmi nezáviděníhodné situaci. Jak seriózní právník Mark Darcy, tak úspěšný provozovatel internetové seznamky Jack Quant se sice k situaci postaví jako praví chlapi, odhodlaní s Bridget a jejím potomkem vytvořit spořádanou rodinu, to ovšem netuší, že jejich šance na otcovství je přesně padesátiprocentní. Jak se blíží termín porodu, Bridget cítí, že bude muset s pravdou ven a hlavně že si bude muset vybrat, komu bude její dítě říkat „tatínku\". Normální člověk by poslal oba dva na testy otcovství. Jenže Bridget Jonesová není normální, ale výjimečná.", "expanses": null, "earnings": null, "age_restriction": null, "trailer": "", "price": null, "link": "", "created": "2023-01-30T18:22:13.967Z", "updated": "2023-01-30T18:22:14.061Z", "country": [4, 8, 1, 2], "genre": [2, 3], "images": []}}, {"model": "viewer.movie", "pk": 32, "fields": {"title_orig": "Tři oříšky pro Popelku", "title_cz": "", "title_sk": "", "released": 1973, "length": 75, "description": "Tři oříšky skrývají tajemství a Popelce umožní být jednou obratným lukostřelcem v zelené kamizole, prohánějícím se na koni, jindy neznámou princeznou, před jejíž krásou se i princi tají dech. Cestičku ke štěstí si Popelka najde s pomocí svých kouzelných oříšků a princ přes všechny nesnáze najde svou milou díky tak malému střevíčku, který na nožku padne jen Popelce.", "expanses": null, "earnings": null, "age_restriction": null, "trailer": "", "price": null, "link": "", "created": "2023-01-30T18:22:14.089Z", "updated": "2023-01-30T18:22:14.142Z", "country": [11, 10], "genre": [18], "images": []}}, {"model": "viewer.movie", "pk": 33, "fields": {"title_orig": "Princové jsou na draka", "title_cz": "", "title_sk": "", "released": 1980, "length": 57, "description": "Legendární pohádka s oblíbenými písničkami Z. Svěráka a J. Uhlíře, které už zlidověly. Dnes již patří do zlatého fondu České televize. Dělání, dělání, všechny smutky zahání, dělání je lék. Zatímco: Statistika nuda je, má však cenné údaje, neklesejme na mysli, ona nám to vyčíslí. A taky: Hlupáku, najdu tě, tváříš se nadutě… Jestli vám tyto slogany a písničky nic neříkají, tak to jste opravdu ještě nikdy neviděli pohádku Princové jsou na draka. Teď už ale pojďme nahlédnout společně do pokoje malého Martina (J. Kaněra). Maminka (J. Bohdalová) synům oznámí, že budou mít nového tátu, a Martinovi se v noci zdá pohádkový sen o království, které je ohroženo zlým drakem. Naštěstí je tu ale právě chytrý Martin, který má pohádky doslova v malíčku. Poradí králi (V. Menšík), jak na draka – chtělo by to Honzu… Honza (J. Čenský) postaví pevnou zeď, zbaví království nebezpečného draka, zamiluje se do princezny (I. Andrlová) a všichni budou šťastni…", "expanses": null, "earnings": null, "age_restriction": null, "trailer": "", "price": null, "link": "", "created": "2023-01-30T18:22:14.170Z", "updated": "2023-01-30T18:22:14.218Z", "country": [10], "genre": [15, 18], "images": []}}, {"model": "viewer.movie", "pk": 34, "fields": {"title_orig": "It Follows", "title_cz": "Neutečeš", "title_sk": "Neutečieš", "released": 2014, "length": 100, "description": "Devatenáctiletá Jay se po příjemné chvilce na zadní sedačce auta se sympatickým mladíkem ocitne svázaná v opuštěné továrně. A mladík ji zpovzdálí opatrně pozoruje. Čeká na okamžik, kdy se objeví démoni. Na okamžik, kdy to pro něj celé skončí a pro ni naopak začne. Nekonečná noční můra. Tyto až příliš reálné přízraky jsou součástí prokletí, které si jeho oběti předávají sexem jako štafetový kolík. A pro Jay původně slibný večer nakonec skončí tím nejhorším možným způsobem. Její milenec ji uprostřed ulice vyhodí svázanou a polonahou z auta a navíc od něj převzala kletbu spojenou s pronásledováním a útoky přízraků, které s ní od této chvíle budou na každém kroku. Její život se smrskne na nekonečný a všudypřítomný strach, před kterým nemá kam uniknout. Jay se svých zjevení může zbavit jedině tak, že je předá někomu dalšímu. Podaří se jí uniknout?", "expanses": null, "earnings": null, "age_restriction": null, "trailer": "https://www.csfd.cz/film/371484-neuteces/videa/", "price": null, "link": "https://www.csfd.cz/film/371484-neuteces/prehled/", "created": "2023-01-30T18:23:16.657Z", "updated": "2023-01-30T18:23:16.775Z", "country": [1], "genre": [6, 13, 19], "images": []}}, {"model": "viewer.movie", "pk": 35, "fields": {"title_orig": "Zombieland", "title_cz": "Země zombií", "title_sk": "Zombieland", "released": 2009, "length": 88, "description": "Akční komedie Zombieland společnosti Columbia Pictures vypráví příběh dvou mužů, kteří se snaží přežít ve světě, ovládaném zombies. Columbus (Jesse Eisenberg) je obrovský zbabělec – ale jak se ukazuje, pokud máte hrůzu z toho, že vás sežerou zombies, dokáže vás strach udržet naživu. Tallahassee (Woody Harrelson) je drsňácký zabiják zombie, který je motivován touhou získat poslední čokoládovou tyčinku na světě. Když spojí své síly s Wichitou (Emma Stone) a Little Rock (Abigail Breslin), které také objevily vlastní způsoby, jak přežít nadvládu zombie, budou muset zjistit, co je horší: spoléhat se jeden na druhého nebo se nechat přemoci zombies.", "expanses": null, "earnings": null, "age_restriction": null, "trailer": "https://www.csfd.cz/film/252091-zombieland/videa/", "price": null, "link": "https://www.csfd.cz/film/252091-zombieland/prehled/", "created": "2023-01-30T18:23:16.804Z", "updated": "2023-01-30T18:23:16.882Z", "country": [1], "genre": [2, 8, 12, 19], "images": []}}, {"model": "viewer.movie", "pk": 36, "fields": {"title_orig": "Green Book", "title_cz": "Zelená kniha", "title_sk": "Zelená kniha", "released": 2018, "length": 130, "description": "Bývalý vyhazovač a drobný podvodníček Tony „Pysk\" Vallelonga (Viggo Mortensen) má mezi newyorskými Italy pověst chlápka, který dokáže vyřešit každou šlamastyku. Slavný černošský klavírista Dr. Don Shirley (držitel Oscara® Mahershala Ali) si ho proto najímá jako řidiče a bodyguarda na turné po divokých státech amerického Jihu 60. let. Tony je horkokrevný, ne moc vzdělaný, ale o to mazanější. Nade vše miluje svoji ženu (Linda Cardellini) a smažená kuřata. Dr. Don je jeho protikladem: kultivovaný génius jemných mravů a pevných zásad. Aby společně překonali nástrahy, musí si k sobě oba tvrdohlaví muži najít cestu skrz předsudky a humorné přešlapy. Originální komedie Zelená kniha získala získala tři Oscary včetně sošky pro Nejlepší film. Režisér Peter Farrelly (Blbý a blbější# Já, mé druhé já a Irena# Něco na té Mary je) se inspiroval příběhem skutečného přátelství a natočil jeden z nejdojemnějších i nejvtipnějších filmů roku 2018.", "expanses": null, "earnings": null, "age_restriction": null, "trailer": "https://www.csfd.cz/film/600912-zelena-kniha/videa/", "price": null, "link": "https://www.csfd.cz/film/600912-zelena-kniha/prehled/", "created": "2023-01-30T18:23:16.910Z", "updated": "2023-01-30T18:23:17.005Z", "country": [1], "genre": [1, 2, 11, 14, 15], "images": []}}, {"model": "viewer.movie", "pk": 37, "fields": {"title_orig": "Alien", "title_cz": "Vetřelec", "title_sk": "Votrelec", "released": 1979, "length": 117, "description": "Vesmírná loď Nostromo míří zpět na Zemi, astronauti spí. Náhle dojde k jejich automatickému probuzení – nikdo neví, co se děje, protože jsou ještě velmi daleko od cíle cesty. Prostřednictvím centrálního počítače zjistí, že přijímače zachytily signál SOS z blízké planety. Posádka je povinna věc vyšetřit. Vyslaný modul má s přistáním velké problémy. Přesto někteří na průzkum. V jeskynním komplexu objeví podivný organizmus, který vypadá jako kolonie vajíček. Počítač mateřské lodi mezitím dešifruje zprávu jako varování, ne jako volání o pomoc. Všichni jsou okamžitě odvoláni. Jenže jedno z vajíček se otevře a jakási hmota ve tvaru chobotnice se během setiny sekundy přisaje na přilbu jednoho z astronautů, přesněji řečeno na jeho obličej. Přes odpor Ripleyové, že je proti bezpečnostním předpisům brát na palubu cokoli neznámého, otevře Ash dveře a všechny vpustí. Po nějaké době je nalezen cizí organismus na podlaze, sám odpadl. Vypadá to, že se postižený těší dobrému zdraví. Při společném jídle však stolující zažijí hrůzné představení. Před jejich očima vyleze z astronautova břicha nějaký tvor, a než stačí kdokoli cokoli podniknout, bleskovou rychlostí zmizí v obrovských prostorách lodi. Začíná noční můra – monstrum postupně likviduje posádku a zdá se, že je nezničitelné…", "expanses": null, "earnings": null, "age_restriction": null, "trailer": "", "price": null, "link": "https://www.csfd.cz/film/8265-vetrelec/filmoteka/", "created": "2023-01-30T18:23:17.037Z", "updated": "2023-01-30T18:23:17.112Z", "country": [1, 2], "genre": [12, 19], "images": []}}, {"model": "viewer.movie", "pk": 38, "fields": {"title_orig": "Aliens", "title_cz": "Vetřelci", "title_sk": "Votrelci", "released": 1986, "length": 137, "description": "57 let po tvrdé zkoušce s mimozemským tvorem je Ellen Ripleyová v hyperspánku zachráněna dálkovým záchranným týmem. Dojde dokonce k vyšetřování, při kterém ji chtějí obvinit ze zničení tvora, o kterého vysoce postavení vojenští pohlaváři stáli. Nakonec je osvobozena, je jí ale nabídnuta účast na jiné výpravě: na planetě, odkud vetřelec pocházel, mezitím vznikla kolonie s lidskými obyvateli. Ti se nyní odmlčeli a chystá se mise složená z vojáků námořní pěchoty, kteří mají na planetu sestoupit a vyšetřit, co se tam stalo. Ripleyová se svými znalostmi nebezpečného tvora by se v ní uplatnila. Ta se rozhodne takto skončit s nočními můrami a nepříjemnými vzpomínkami na monstrum – vetřelce a s nabídkou souhlasí. Znovu se tedy ocitá na nehostinné planetě, kde nacházejí kolonii opuštěnou. Jediný, koho najdou, je malá vystrašená holčička. Brzy zjistí, že všichni obyvatelé se stali oběťmi vetřelce – ne však jednoho. Vetřelci se poněkud rozmnožili a planeta je jimi zcela obsazena…", "expanses": null, "earnings": null, "age_restriction": null, "trailer": "", "price": null, "link": "https://www.csfd.cz/film/1245-vetrelci/filmoteka/", "created": "2023-01-30T18:23:17.143Z", "updated": "2023-01-30T18:23:17.244Z", "country": [1, 2], "genre": [5, 6, 8, 12, 19], "images": []}}, {"model": "viewer.staff", "pk": 1, "fields": {"name": "Peter", "surname": "Jackson", "artist_name": null, "country": 3, "date_of_birth": "1961-10-31", "death_date": null, "biography": "\"Neberiem to vážne. Raz som v Cannes videl Hellraisera III. Bolo to OK, dobrý film. Nevidel som na ňom nič zlé. Akurát mi nesedela tá jeho vážnosť. Nejaký chlapík, pobehujúci s klincami v hlave... Nemohol som si povedať: „To je fakt strašidelné.“ Keby som to točil ja, nechal by som Pinheada nabúrať do steny a všetky klince by sa mu zavŕtali do tváre. Okamžite rozmýšľam nad somarinkami a vtipmi - to som celý ja. Pochybujem, že by som sa niekedy prinútil natočiť…", "created": "2023-01-27T19:25:10.572Z", "updated": "2023-01-27T19:25:10.572Z", "awards": [], "directing": [5], "acting": []}}, {"model": "viewer.staff", "pk": 2, "fields": {"name": "Elijah", "surname": "Wood", "artist_name": null, "country": 1, "date_of_birth": "1981-01-28", "death_date": null, "biography": "V rannom detstve by ste doňho rozhodne nepovedali, že je niečím výnimočný. Bol trochu živším, no inak úplne normálnym dieťaťom. Temperamentným až natoľko, že keď mal dva roky, vymkol svoju vlastnú mamu na verande pred ich domom. Niet divu, že za to svojho druhého z troch synov nazvala \"opicou\". Prvé náznaky jeho talentu začali vychádzať na povrch krátko po nástupe na základnú školu. Ako prvý zažiaril jeho talent pre hudbu. V roku 1987 bol členom speváckeho zboru …", "created": "2023-01-27T19:26:12.037Z", "updated": "2023-01-27T19:26:12.037Z", "awards": [], "directing": [], "acting": [5]}}, {"model": "viewer.staff", "pk": 3, "fields": {"name": "Ian", "surname": "McKellen", "artist_name": null, "country": 2, "date_of_birth": "1939-05-25", "death_date": null, "biography": "Predstaviteľ démonického Magneta z mimoriadne úspešných X-MENOV McKellen má za sebou viac než 40 ročnú kariéru divadelného a filmového herca. Tento rodený Angličan pôsobil po dlhú dobu ako člen londýnskych spolkov Royal Shakespeare Company a Royal National Theatre, pre ktoré aj produkoval množstvo slávnych hier. Zahral si tiež na Broadwayi, kde za rolu Salieriho v Amadeusovi dostal v roku 1981 ocenenie Tony Award za najlepšieho herca. Jeho kariéra zahŕňa tiež…", "created": "2023-01-27T19:27:04.557Z", "updated": "2023-01-27T19:27:04.557Z", "awards": [], "directing": [], "acting": [5]}}, {"model": "viewer.staff", "pk": 4, "fields": {"name": "Quentin", "surname": "Tarantino", "artist_name": "", "country": 1, "date_of_birth": "1963-03-27", "death_date": null, "biography": "Quentin Tarantino se narodil 27. března roku 1963 v americkém Knoxville teprve šestnáctileté Connie Tarantinové. Své jméno Quentin dostal podle matčiny oblíbené televizní postavy Quinta ze seriálu \"Gunsmoke\". Quentinův otec byl jistý Tony Tarantino, který rodinu opustil když byl Quentin ještě malinký. Jeho dětství a dospívání ovlivnily nejen filmy, ale pop kultura obecně. Televizní seriály, komiksy, populární hudba, to vše jako mladý hltal ve velkém a stále neměl…", "created": "2023-01-30T18:59:49.033Z", "updated": "2023-01-30T18:59:49.125Z", "awards": [], "directing": [6], "acting": [6]}}, {"model": "viewer.staff", "pk": 5, "fields": {"name": "Tom", "surname": "Hanks", "artist_name": "", "country": 1, "date_of_birth": "1956-07-09", "death_date": null, "biography": "Jeho rodiče se rozvedli, když mu bylo pouhých pět let. Na střední škole se věnoval sportu a chtěl se stát kosmonautem. Nakonec ale objevil herectví. Své komediální nadání zužitkoval už na prknech školního divadla, kde také začal sbírat svá první ocenění. Jeho kroky posléze vedly přes Chabotskou univerzitu na Kalifornskou státní univerzitu v Scramentu, kde potkal svou první manželku Samanthu Lewes, s níž má syna Colina (který se také stal hercem) a dceru Elizabeth. Při natáčení filmu VOLUNTEERS se seznámil s Ritou Wilson, která se nakonec v roce 1988 stala jeho druhou ženou. Mají spolu dvě děti.Hanksova filmová kariéra začala v komediích, v kterých si získal publikum, díky svým bezchybným komediálním výkonům ve filmech jako byl například hit Rona Howarda ŽBLUŇK. V roce 1988 byl poprvé nominován na Oscara za hlavní roli ve filmu VELKÝ. V devadesátých letech se přesunul z komedií do \"seriózních\" filmů a získal Oscara hned dvakrát za sebou. Nejdříve za film PHILADELPHIE a následující rok za svůj strhující výkon ve snímku FORREST GUMP. V následujících letech přibyly další oscarové nominace, za válečný snímek ZACHRAŇTE VOJÍNA RYANA a TROSEČNÍKA. Za sebou má i režijní zkušenost v podobě komedie TO JE NÁŠ HIT!.V současnosti patří Tom Hanks mezi nejlepší herce své generace. Z talentovaného komika se stal během několika let americkým národním klenotem. Spolu se svým dobrým přítelem Stevenem Spielbergem patří mezi nejvlivnější tvůrce Hollywoodu. Exceluje stejně v komediích jako ve vážných dramatech a jeho postavy jsou jen stěží zapomenutelné. Většina snímků ve kterých se v devadesátých letech objevil, patří mezi to nejkvalitnější z hollywoodské produkce. Spojuje v sobě hereckou neokázalost a vystupování milého chlapíka od vedle, díky němuž je divákům blízký.", "created": "2023-01-30T18:59:49.135Z", "updated": "2023-01-30T18:59:49.170Z", "awards": [], "directing": [], "acting": [11, 1]}}, {"model": "viewer.staff", "pk": 6, "fields": {"name": "Robert", "surname": "Zemeckis", "artist_name": "", "country": 1, "date_of_birth": "1951-05-14", "death_date": null, "biography": "Okuliarnatý vizionár, producent, vedúci výroby, scenárista, režisér, tvorca amerických filmov, pokladaných za „veľké“. Krátkometrážne nakrúcal už na strednej. Študoval na Juhokalifornskej univerzite (prestúpil na ňu z Northern Illinois University). Dnes býva pokladaný za „žiaka“ Stevena Spielberg, podobne, ako napr. Joe Dante („Gemlins“) alebo Tobe Hooper („Poltergeist“). Nejedná sa o to, že by Spielberg vyučoval réžiu na nejakej univerzite# pod slovným spojením „žiak - učiteľ“ sa má na mysli to, že Spielberg, pamätajúci na trpkú pachuť zo svojich začiatkov (kedy mu mocní producenti nedôverovali a hádzali polená pod nohy), si často bral pod ochranné krídla svojich menej slávnych ale dokonca ešte len začínajúcich rovesníkov (Zemeckis je od neho mladší o päť rokov) a z pozície producenta / šéfa výroby im poskytoval dostatok priestoru na realizovanie ich vlastných nápadov.Úspech sa dostavil už v začiatkoch kariéry, keď nakrútil cenený kraťas FIELD OF HONOR a jednak písaním televíznych scenárov („McCloud“). V televízii NBC sa živil aj ako strihač. Skutočná sláva sa však dostavila až keď si ho (a jeho spolužiaka, kamaráta a spolu pisateľa ich scenárov Boba Galea) všimol Spielberg. Najskôr im produkoval I WANNA HOLD YOUR HAND a Zemeckis s Galeom mu následne pracovali na scenári k jeho „vojnovej komédie“ 1941. Nasledovnú komédiu USED CARS už Robert režíroval. A potom to prišlo.Najskôr slávna sci-fi trilógia s Michaelom J. Foxom a Christopherom Lloydom NÁVRAT DO BUDÚCNOSTI a potom dobrodružná HONBA ZA DIAMANTOM. Za prvú „časovku“ boli Zemeckis / Gale nominovaní na Oscara za najlepší scenár. Druhé a tretie pokračovanie sa nakrúcali na jeden záťah, ale premiéru mali v rokoch 1989 a 1990. „Honba“ pochádzala z hlavy produkujúceho herca Michaela Douglasa. Ten dostal nápad dávno pred nakrúteným Indyho, ale až do Spielbergovho triumfálneho dobrodružstva boli hollywoodske štúdia voči jeho nápadu rezervované do takej miery, že mu výrobu povolili až po mega úspechu „Dobyvateľov“. Douglas bol očarený filmom „Used Cars“ a tak sa postaral, aby jeho nápad režíroval práve toho času 32-ročný Zemeckis. Úspešný film sa dočkal pokračovania, ale už v réžii Lewisa Teaguea („Aligátor“).Že nakrúca technicky vizionárske filmy, potvrdil Zemeckis trikovou komédiou KTO OBVINIL KRÁLIKA ROGERA? Tá kombinovala hraný film s animovaným. Rokmi sa na ňu (márne) snažili naviazať filmy ako „Space Jam“.Odvážnym krokom bola čierna fantasy komédia SMRŤ JEJ PRISTANE o tom, že smrť má zmysel, s Meryl Streepovou, Goldie Hawnovou a Bruceom Willisom# ale po komerčnej stránke pohorel. Podobne na tom bolo „sci-fi s myšlienkou“ KONTAKT, ktorý nakrútil s Jodie Fosterovou a Matthewom McConaugheym v roku 1997. V tom istom roku založil produkčnú firmu ImageMovers a rok predtým produkčne kryl Petra Jacksona v jeho duchárskej komédii s Michaelom J. Foxom PRÍZRAKY. Tá mala nízku tržbu, ale vzhľadom na povestne nízky jacksonovský rozpočet sa zaplatila.Najväčší umelecký úspech slávil adaptáciou románu Winstona Grooma FORREST GUMP, ktorý sa zapísal do sŕdc miliónov sentimentálnych divákov tým, že „život je ako bonboniéra“. Ako po rokoch dodal herec Tom Hanks, stelesňujúci tohto najslávnejšieho idiota v dejinách filmu, „vlastne sme ani nevedeli, čo nakrúcame a výsledkom bol taký báječný film“. Báječný natoľko, že v oscarovej bitke zrazil na kolená aj „Vykúpenie z väznice Shawshank“. Získal šesť Oscarov, vrátane za najlepší film a réžiu.Ako R. Z. hovorí, nebyť toho, akú váhu má meno jeho a Hanksa, štúdio by im nedovolilo nakrútiť svojskú drámu STROSKOTANEC. Svojskú hlavne preto, že sa nejednalo o klasickú robinsoniádu a naviac sa nakrúcala na dva krát. Prvá polovica bola o tom, ako Hanks stroskotá na opustenom ostrove a jeho prvé tunajšie peripetie. Nasledovala pauza, počas ktorej Hanks nadobudol bohatú bradu a rapídne schudol. Pauzu medzi prvou a druhou „epizódou“ Stroskotanca Zemeckis vyplnil réžiou nenáročného, ale remeselne sebavedomého, duchárskeho thrilleru s Michelle Pfeifferovou a Harrisonom Fordom POD POVRCHOM. Dej sa odohrával v jesennom Vermonte a reklamy ho svojho času charakterizovali ako „hitchcockovský thriller“.Zemeckis nenakrúca často, ale keď už, zakaždým spolupracuje s veľkými hollywoodskymi hviezdami. S Hanksom do tretice spolupracoval na po vizuálnej stránke prelomovom vianočnom POLÁRNOM EXPRESE. V ňom Hanks stelesnil hneď niekoľko rolí. Film s rozpočtom cez 150 miliónov dolárov sa napokon zaplatil, aj keď to s ním po tejto stránke vyzeralo zle. Bol nakrútený revolučnou metódou „motion capture“, kedy pohyby a mimika hercov je prevedená prostredníctvom PC technológie do animovanej podoby.Voľný čas si Zemeckis kráti aj ako spolumajiteľ (ďalej napr. Joel Silver) produkčnej firmičky Dark Castle, ktorú založil s Joelom Silverom, rozhodnutí raz do roka produkovať nenáročný horor. Takto pre nich nakrútil William Malone „Dom na Haunted Hill“ s Geoffreym Rushom, Steve Beck „13. duchov“ s Tonym Shalhoubeom a „Loď duchov“ s Gabrielom Byrneom, Francúz Mattheau Kassovitz „Gothiku“ s Halle Berryovou alebo Avi Nesher krotkú zombíčinu „Rituál“ s Jennifer Greyovou. Že má rád sympaticky béčkarské hororové príbehy, Zemeckis potvrdil už dávno, keď sa podieľal na slávnych TV show typu „Amazing Stories“ alebo „Poviedky z hrobky“. Táto láska má korene už v jeho skromnom detstve (vyrastal v Chicagu), kedy miloval béčkarské horory typu „Blob“.Dnes je Bob Zemeckis v Hollywoode autorita. Už dávno dokázal, že miluje príbehy, ale ani vo svojich „najumeleckejších“ filmoch by sa však nezaobišiel bez najmodernejších CGI trikoch (nohy Garyho Sinisea, havária lietadla v „Stroskotancovi“).Za svoj najbližší projekt Zemeckis ohlásil fantasy epos BEOWULF. Od nápadu, že by film nakrútil Roger Avary ako hraný projekt, sa upustilo od chvíle, keď sa do situácie vložila Zemeckisova firma Shangri-La Entertainment.", "created": "2023-01-30T18:59:49.186Z", "updated": "2023-01-30T18:59:49.221Z", "awards": [], "directing": [11, 1], "acting": []}}, {"model": "viewer.staff", "pk": 7, "fields": {"name": "Dustin", "surname": "Hoffman", "artist_name": "", "country": 1, "date_of_birth": "1937-08-08", "death_date": null, "biography": "Studoval klasickou a jazzovou hudbu, jelikož se chtěl stát klavírním virtuosem. Brzy však přehodnotil své ambice a rozhodl se pro herectví. Z Los Angeles se vydal do New Yorku. Až na pátý pokus byl přijat Lee Strasbergem do slavného hereckého učiliště Actors Studia. Mezitím si vydělával jako prodavač hraček, ošetřovatel v psychiatrickém ústavu, číšník, umývač nádobí, písař, vrátný a barový pianista. Bydlel u svého velkého kamaráda Gena Hackmana, s kterým velmi obdivovali Marlona Branda. Divadelní hry Kuchař pro pana generála, Čekání na Godota a Cesta pátého koně mu otevřeli cestu k filmu.Debutoval v roce 1967 komedií ABSOLVENT, kde hrál citově nezkušeného studenta Benjamina Braddocka /nominace na Oskara 1968/ . Tuberkolózní ztroskotaný podvodníček Enrico Rizzo žijící v bídě v New Yorku ve filmu PŮLNOČNÍ KOVBOJ /nominace na Oskara 1970/ . Stodvacetiletý Jack Crabb vyprávějící reportérovi svůj životní příběh, který prožíval střídavě mezi Indiány a mezi bělochy ve westernové fresce MALÝ VELKÝ MUŽ. David Sumner, donucen okolnostmi brutálně bránit svůj dům ve filmu Sama Peckinpaha STRAŠÁCI. Galejník Louis Dega, který díky svému bohatství ma o něco lepší podmínky než ostatní vězni, ve filmu MOTÝLEK podle autobiografické knihy Henryho Charriera. Provokativní a požitkářský kabaretiér Lenny Bruce v životopisném filmu LENNY /nominace na Oskara 1975/ .Rok 1976 přinesl dva další velmi úspěšné filmy. Reportér Carl Bernstein, který odhalil a zveřejnil zákulisí aféry Watergate ve filmu podle skutečné události VŠICHNI PREZIDENTOVI MUŽI a student Thomas Babington, jenž netuší, kým je jeho bratr, což ho uvrhne do smrtelného nebezpečí ve fimu MARATÓNEC.Hoffmanovy rodinné i pracovní problémy pomohl překonat přepis bestselleru KRAMEROVÁ VERSUS KRAMER /Oskar 1980/ , když hrál Teda Kramera, čestného otce jenž se svou manželkou bojuje o výchovu syna. Hoffman si dal na tři roky hereckou pauzu, aby se poté k filmu fenomenálně vrátil jako Michael Dorsey, který se až v dámském převleku jako Dorothy Michaels dokáže prosadit v showbusinnesu v komedii TOOTSIE /nominace na Oskara 1983/ .Televizní verze hry Arthura Millera SMRT OBCHODNÍHO CESTUJÍCÍHO vynesla Hoffmanovi Zlatý glóbus za ztvárnění přepracovaného Willyho Lomana, jejíž postavou slavil veliký úspěch i na divadle, kam se Hoffman často a rád vrací.Dustin Hoffman má dosti často rozdílné názory než režiséři, takže se s nimi dostává do konfliktů, takovýto rozpor protáhl přípravu a natáčení filmu RAIN MAN /Oskar 1989/ , to se ale ukázalo jako velmi prospěšné, jelikož tento film získal mnohá významná ocenění a Hoffmanova kreace autisty Raymonda Babbitta, který by rád pokračoval svým životem, přestože zdědil několik milionů.Filmový producent manipulující veřejnost, aby zatajil prezidentovu aféru v komedii VRTĚTI PSEM /nominace na Oskara 1998/.Při jméně Dustin Hoffman se člověku vybaví nevysocí, zakomplexovaní, nemocní, blázniví a slabí hrdinové bojující po svém proti nespravedlnostem. Dustin Hoffman je známý svou pečlivou přípravou na role, jež bude hrát.", "created": "2023-01-30T18:59:49.233Z", "updated": "2023-01-30T18:59:49.245Z", "awards": [], "directing": [], "acting": []}}, {"model": "viewer.staff", "pk": 8, "fields": {"name": "Barry", "surname": "Levinson", "artist_name": "", "country": 1, "date_of_birth": "1942-04-06", "death_date": null, "biography": "Barry Levinson bol vždy aktívny, čo sa týka zárobku (jeho otec bol podnikateľ). Nikdy sa nespoliehal na producenta. Oveľa radšej sa na producenta „hral“ on sám. Už v mladosti predával všetko možné (autá, Biblie). Popri štúdiu televíznej a rozhlasovej žurnalistiky (štúdium nedokončil) sa stíhal aj aktívne venovať brigáde v TV. Dnes je z neho nielen cenený režisér, ale aj schopný, skúsený a pomerne úspešný producent (rozhodne nie len vlastných filmov). Je špecialista na drámy, stojace na atmosfére a hereckých výkonoch. Po presťahovaní do Kalifornie absolvoval herecké kurzy. Postupne sa čoraz viacej presadzoval ako TV scenárista. Vďaka tomuto lukratívnemu miestu spolupracoval (ako spolu scenárista a herec) s Melom Brooksom na jeho NEMOM FILME alebo HIGH ANXIETY. Herectvo mu nikdy nezostalo úplne cudzie (OTÁZKY A ODPOVEDE Roberta Redforda, ktorého režíroval v „Prirodzenom talente“). V roku 1975 (do 1982) sa oženil s Valeriou Curtinovou. 1979 spolu s ňou pre Normana Jewisona napísal scenár ...A SPRAVODLIVOSŤ PRE VŠETKÝCH (nominácia na Oscara za scenár). Momentálne žije v manželstve s Dianou Rhodesovou. Tá im porodila zatiaľ dve deti.Režijne debutoval melodrámou DINER (oscarová nominácia ´82– scenár) so Steveom Guttenbergom, Kevinom Baconom a Mickey Rourkeom. Do príbehu vložil veľa z toho, čo zažil. Nasledoval PRIRODZENÝ TALENT s Redfordom a Glenn Closeovou (tá si odniesla nomináciu na Oscara). Nasledujú vietnamská smutná komédia s Robinom Williamsom DOBRÉ RÁNO, VIETNAM (1987) a strhujúci RAIN MAN (1988) s Dustinom Hoffmanom a Tomom Cruiseom. Tento projekt mal pôvodne režírovať Spielberg. Barrymu vyniesol úspech u divákov aj kritiky (Oscar - najlepšia réžia). Portrét slávneho gangstera BUGSY (1991, v hlavnej úlohe Warren Beauty s Annettou Beningovou) je nominovaný na 9 Oscarov. Po slabšom období (ale aj to je nadpriemerné - na scenáristického Oscara nominovaný AVALON a HRAČKY znova s Robinom Wiliamsom) sa vracia v plnej sile dvojicou zatiaľ dvoch posledných vyložene vydarených projektov......V druhej polovici 90. rokov zaujal adaptáciou románu Lorenza Carcattera, napísaného na základe skutočných udalostí. SPÁČI, to je strhujúci príbeh o chlapcoch, ktorí sa v dospelosti zapletú do montechristovského aktu pomsty, lží a sĺz. Odľahčením bol WAG THE DOG - svižná satirická komédia o falošnej vojne, majúcej za úlohu zamaskovať škandál amerického prezidenta s De Nirom a dvorným Dustinom Hoffmanom (obaja sa stretli už v „Spáčoch“). Komédia vznikala v čase doznievania aféry Clinton – Lewinská na základe knihy Larryho Beinarta (s Hilary Henkinovou ju zadaptoval David Mamet).Ale! Ešte pred pár rokmi renomovaný, kritikou milovaný Barry nemá od roku 1998 šťastné obdobie. Začalo sa to veľkorozpočtovou (80,-) adaptáciou sci-fi hororu Michaela Crichtona SPHERE. Nakrúcalo sa na Havaji aj Islande. Po rokoch síce znova spolupracuje s Hoffmanom, ale Crichton z pozície producenta mu rozpráva do nakrúcania. Levinson má dostatok moci, aby sa nezľakol, ale výsledný film nenaplní ambície a Levinsonova povesť je pošramotená. Reputáciu mu vyložene nenapravuje ani trojka Blanchettová – Willis – Thornton v šarmantných BANDITOCH a ani jedna z najslabších „Frat Pack komédii“ ZÁVISŤ (s Benom Stillerom a Jackom Blackom). Nepomáha ani režírovania TV dokumentov ORIGINAL DINNER GUYS + THE 20th CENTURY: YESTERDAY´S TOMORROWS a diváckym nezáujmom trpiace filmy NESPÚTANÁ VOĽNOSŤ (1999) a TRVALÝ MIER (2000). Z jeho ostatnej práce ako režiséra spomeňme fantastické dobrodružstvo PYRAMÍDA HRÔZY (aka Young Sherlock Holmes - 1985). V nej si scenárista Chris Columbus požičal postavy od sira Doylea a posadil ich do vlastného príbehu. z produkcie Stevena Spielberga. Ďalej KONKURENTI (1987) s Richardom Dreyfussom a Danny DeVitom a komédia JIMMY HOLLYWOOD (1994).Aspoň že sú tu ešte jeho produkčné aktivity. S Markom Johnsonom založil v roku 1990 filmovú spoločnosť Baltimore Productions. Ako producent / šéf výroby kryl chrbát už Stevenovi Soderberghovi (KAFKA), Mikeovi Newellovi (DONNIE BRASCO), Agnieszke Hollandovej (SHOT IN THE HEART), Wolfgangovi Petersenovi (DOKONALÁ BÚRKA), Neilovi LaButteovi (POSSENSSION) či Haroldovi Ramisovi (ANALYZE THIS 2). Apropo, kvôli menu si ho občas mýlia s Barrym Sonnefeldom („Muži v čiernom“).", "created": "2023-01-30T18:59:49.258Z", "updated": "2023-01-30T18:59:49.270Z", "awards": [], "directing": [], "acting": []}}, {"model": "viewer.staff", "pk": 9, "fields": {"name": "Christopher", "surname": "Nolan", "artist_name": "", "country": 2, "date_of_birth": "1970-07-30", "death_date": null, "biography": "Christopher Nolan se narodil 30. července 1970 v Londýně britskému otci a americké matce. Když v jeho sedmi letech zachvátila svět mánie jménem Star Wars, nevyhnula se ani jemu a se svým starším bratrem Mattem začal natáčel na otcovou 8 mm kameru krátké filmečky. Během studií na University College v Londýně, kde studoval anglickou literaturu, natočil na 8 mm kameru filmeček TARANTELLA, který se dočkal i úspěchu v USA na festivalu Image Union pořádaný společností PBS v roce 1989. To mu otevřelo cestu do studentské filmařské společnosti, kde si navíc poprvé osahal 16 mm kameru.Zhruba v polovině 90. let minulého století se seznámil s Jeremym Theobaldem, který se objevil v jeho krátkém filmu LARCENY, který byl uveden Cambridgském filmovém festivalu v roce 1996, a následně ještě v tříminutovém surrealistickém dílku DOODLEBUG. A byl to právě Jeremy Theobald, který mu koprodukoval a navíc si i zahrál v jeho prvním celovečerním snímku, který se jmenoval FOLLOWING. Bezrozpočtový, černobílý film, jehož výroba společně s produkcí trvala téměř rok, byla dokončena v roce 1998 sesbírala mnoho cen, zejména na MFF v Rotterdamu.A právě úspěch FOLLOWING jej postavil na hranici mezi nezávislou filmařinu a komerční svět. K MEMENTU si sám napsal scénář, do hlavních rolí obsadil Guye Pearce, Carrie Ann-Moss a Joe Pantoliana a stvořil jeden z nejoriginálnějších snímků 90. let, kde v obrácené časové chronologii odvyprávěl příběh muže, hledajícího vraha své ženy. Jeho problém je v tom, že nedokáže vytvářet nové vzpomínky, takže jeho jedinými indiciemi jsou spousty tetování na vlastním těle a do podrobna popsané fotky.Vlna ohlasu, kterou díky Mementu zaznamenal, jej vynesla ještě výš. K dispozici dostal osmdesáti milionový rozpočet, tři oscarové herce, Ala Pacina, Robina Williamse a Hillary Swank, působivý scénář Hillaryho Seitze a stvořil ultratemnpu INSOMNII, ve které tvrdý policajt pátrá po brutálním vrahovi mladé dívky. Nehostinnou Aljašku, den, který nikdy nekončí a neustále se zvyšující pocit vyčerpání způsobený nespavostí hlavního hrdiny, dokázal Nolan přenést na diváka naprosto spolehlivě. Jedinou chybou Insomnie se nakonec stal fakt, že přišla až po Mementu a nedostalo se jí tedy takového uznání.Ač to nikdo už nečekal, snad téměř každý filmový divák ví, jak to dopadlo v rukou Joela Schumachera, bylo rozhodnuto o resuscitaci komiksového hrdiny, který nosí černou masku se špičatým nosem a obří plášť ve tvaru netopýřích křídel. Pro film BATMAN ZAČÍNÁ si ke spolupráci Nolan přizval scénáristu Davida S. Goyera, který si napravuje reputaci po třetím dílu Bladea a předložili publiku netopýřího muže tak, jak jej zatím ještě nevidělo. V hlavní roli okřídleného mstitele se objevil Christian Bale a rolí jeho protivníků připadly Kenu Watanabemu a Cillianu Murphymu.Po velikém úspěchu BATMAN ZAČÍNÁ, natočil posléze film DOKONALÝ TRIK, v hlavní roli opět s Christianem Balem a Hugh Jackmanem. Opět thriller, tentokrát o dvou soupeřících kouzelnících. Pravděpodobně jeho nejproslulejším, nejvýdělečnějším a kritiky i diváky nejlépe přijatým dílem se stal roku 2008 TEMNÝ RYTÍŘ. Pokračování dobrodružství černého maskovaného hrdiny překonalo rekordy v rozpočtu i náštěvnosti. Batman zde soupeří s vychytralým psychopatem zvaným Joker, jehož role připadla Heathu Ledgereovi a byla poslední rolí, jakou před svou smrtí odehrál. I to mělo za následek, že se z Temného rytíře stal v podstatě ihned trhák i kult. Několik měsíců před premiérou byl Ledger nalezen mrtev ve svém bytě. Jeho výkon v roli Jokera mu přinesl několik filmových ocenění, včetně sošky Oscara. Nolan tak dokázal úspěšnost svých režijních postupů a metod ještě více.K jeho největším vzorům patří Ridley Scott a jeho Blade Runner je pro něj nejinspirativnějším snímkem. Dále obdivuje snad všechna díla od Stanleyho Kubricka a Johna Frankenheimera. Je ženatý s filmovou producentkou Emmou Thomasovou, se kterou má dceru, která se narodila během natáčení Insomnie. Díky svému umu si dokázal naklonit velké producenty, kteří mu rádi ukáží štědrou ruku a jejich důvěru může Nolan dokázat už příště, protože jen blázen by odmítnul natočit pokračování Batmana, který tak slibně začal.", "created": "2023-01-30T18:59:49.282Z", "updated": "2023-01-30T18:59:49.317Z", "awards": [], "directing": [8, 12], "acting": []}}, {"model": "viewer.staff", "pk": 10, "fields": {"name": "Matthew", "surname": "McConaughey", "artist_name": "", "country": 1, "date_of_birth": "1969-11-04", "death_date": null, "biography": "Je jedním z předních hvězd Hollywoodu, jeho filmy utržily již více než miliardu dolarů. Narodil se v Texasu, vystudoval University of Texas v Austinu. Chtěl se stát právníkem. V okamžiku, kdy objevil inspirativní knihu Oga Mandina „The Greatest Salesman In The World, před jednou ze svých závěrečných zkoušek, věděl, že by měl od práva přejít k filmu.McConaughey zahájil svou hereckou kariéru v roce 1991, kdy se objevil ve studentských filmech a reklamách v Texasu, režíroval také krátké filmy. Dostal šanci potkat se v Austinu s producentem Donem Phillipsem, který ho představil Richardovi Linklaterovi a byl obsazen do kultovní klasiky Dazed And Confused. Od té doby se McConaughey objevil ve více než 40 filmech, stal se producentem a režisérem, filantropistou s pevnou vazbou na Texas a filozofii „JK livin\". K osobnostem Hollywoodu, se kterými pracoval patří Steven Spielberg, Robert Zemekis, Anthony Hopkins, Jodie Foster, Sandra Bullock a Al Pacino. V roce 2012 dokončil McConaughey kromě filmu Bernie také drama Killer Joe v režii legendárního Williama Friedkina, Magic Mike Stevena Soderbergha a filmy The Paperboy a Mud.Kromě filmové kariéry se Matthew věnuje nadaci The Just Keep Livin, kterou založil v roce 2008.", "created": "2023-01-30T18:59:49.330Z", "updated": "2023-01-30T18:59:49.353Z", "awards": [], "directing": [], "acting": [12]}}, {"model": "viewer.staff", "pk": 11, "fields": {"name": "Leonardo", "surname": "DiCaprio", "artist_name": "", "country": 1, "date_of_birth": "1974-11-11", "death_date": null, "biography": "Držitel mnoha cen a trojnásobný držitel nominace na Oscara. Za roli ve filmu Quentina Tarantina Nespoutaný Django byl nominován na Zlatý glóbus. Před filmem Nespoutaný Django hrál v režii Clinta Eastwooda hlavní roli ve filmu J. Edgar. Za svůj výkon v tomto filmu získal cenu Zlatý glóbus a nominace na Cenu kritiků a cenu Sdružení filmových a televizních herců (SAG). Dále hrál v kasovním trháku Christophera Nolana Počátek a dramatickém thrilleru Martina Scorseseho Prokletý ostrov.V roce 2007 byl nominován na Oscara za výkon v dramatu Edwarda Zwicka Krvavý diamant, za který také obdržel Zlatý glóbus, Cenu kritiků a nominaci na cenu Sdružení filmových a televizních herců (SAG). V témže roce získal Zlatý glóbus, cenu BAFTA, Cenu kritiků a nominace na cenu Sdružení filmových a televizních herců (SAG) za svou roli ve Scorseseho filmu Skrytá identita, který získal Oscara za nejlepší film. Společně s celým obsazením filmu Skrytá identita byl nominován na cenu Sdružení filmových a televizních herců (SAG) za nelepší herecký výkon.V minulosti získal nominaci na Oscara za svůj výkon v uznávaném Scorseseho životopisném filmu z roku 2004 Letec. Za své ztvárnění Howarda Hughese získal cenu Zlatý glóbus v kategorii Nejlepší dramatický herec a nominaci na Cenu kritiků a cenu BAFTA. Společně s ostatními herci ve filmu Letec byl nominován na cenu Sdružení filmových a televizních herců (SAG), jednou v kategorii Nejlepší herec a podruhé za nejlepší herecký výkon.Vedle herectví si DiCaprio založil vlastní produkční společnost Appian Way. Pod hlavičkou společnosti Appian Way napsal, produkoval a četl komentář k uznávanému dokumentárnímu filmu 11. hodina, zaměřenému na ochranu životního prostředí. Společnost Appian Way dále produkovala již dříve zmíněné filmy Prokletý ostrov a Letec, dále filmy Dny zrady, Červená Karkulka, Orphan, Veřejní nepřátelé nebo filmy Out of the Furnace s Christianem Balem a Woody Harrelsonem v hlavních rolích a Na hraně s Justinem Timberlakem a Benem Affleckem.DiCaprio se narodil v Hollywoodu v Kalifornii a hrát začal už ve 14 letech. Průlom přišel v roce 1993 s rolí v celovečerní filmové adaptaci autobiografického dramatu Tobiase Wolffa v režii Michaela Caton-Jonese Dospívání po americku. Ještě v témže roce obsadil jednu z hlavních rolí ve filmu Lasse Hallströma Co žere Gilberta Grapea a za své ztvárnění mentálně postiženého mladíka získal své první nominace na Oscara a Zlatý glóbus. Dále získal cenu National Board of Review za nejlepší vedlejší roli a za svůj výkon ve filmu cenu New Generation udělovanou Asociací filmových kritiků Los Angeles.V roce 1995 si DiCaprio zahrál hlavní role ve třech velmi odlišných filmech, počínaje westernem Sama Raimiho Rychlejší než smrt. Vysloužil si také uznání za svůj výkon v roli narkomana Jima Carrolla v hrůzném dramatu Rváčův deník a za ztvárnění narušeného sexuálně nevázaného básníka Arthura Rimbauda ve filmu Agnieszky Hollandové Úplné zatmění. V následujícím roce si DiCaprio zahrál hlavní roli v nové filmové adaptaci Baze Luhrmanna Romeo a Julie, za kterou získal na Berlínském mezinárodním filmovém festivalu cenu za nejlepší herecký výkon. Připojil se také k hvězdnému obsazení ve filmu Marvinův pokoj, za který byl celý tým nominován na cenu Sdružení filmových a televizních herců (SAG) za vynikající herecký výkon. V roce 1997 hrál DiCaprio po boku Kate Winsletové v kasovním trháku Titanik, za který byl nominován na cenu Zlatý glóbus. Na své cestě k 11 Oscarům, včetně Oscara za nejlepší film, tento film prolomil všechny rekordy v prodeji vstupenek.O DiCapriovi je známo, že se věnuje ochraně životního prostředí v celosvětovém měřítku a že produkuje kreativní projekty, například dokumentární film 11. hodina, po kterém byly zahájeny četné kampaně upozorňující veřejnost na tuto problematiku, a byla založena Nadace Leonarda DiCapria. DiCaprio je členem výborů ve Světovém fondu na ochranu přírody, Radě pro ochranu přírodních zdrojů a Mezinárodním fondu na ochranu zvířat.", "created": "2023-01-30T18:59:49.366Z", "updated": "2023-01-30T18:59:49.389Z", "awards": [], "directing": [], "acting": [8]}}, {"model": "viewer.staff", "pk": 12, "fields": {"name": "Ridley", "surname": "Scott", "artist_name": "", "country": 2, "date_of_birth": "1937-11-30", "death_date": null, "biography": "Scott je absolventem prestižní londýnské Royal Academy of Art. Svou režisérskou kariéru zahájil v BBC, kde pracoval na některých populárních televizních pořadech, stejně jako na reklamách. Po třech letech založil svou vlastní společnost, RSA, která se brzy stala jednou z nejúspěšnějších komerčních produkčních společností v Evropě, později se přidaly kanceláře v New Yorku a Los Angeles. RSA si stále udržuje vysoký profil na světovém trhu a zastupuje mnoho známých režisérů ve filmu a reklamě. Během své kariéry Scott režíroval více než 2000 reklam, provokativní  reklamu Share the Fantasy pro Chanel No 5 a jeho orwellovskou reklamu na počítače Apple, která se sice vysílala pouze jednou během Super Bowlu v roce 1984, ale zůstává reklamním měřítkem kvality. Nedávno magazín Advertising Age tuto reklamu označil za nejlepší reklamu za posledních 50 let. Scottova reklamní práce také posbírala řadu ocenění na mnoha festivalech včetně Cannes a Benátek.Scottovým režijním debutem byl snímek Soupeři z roku1977, za který získal cenu v kategorii Nejlepší filmový debut na Filmovém festivalu v Cannes. Následoval sci-fi trhák Vetřelec, kterým zahájil velice úspěšnou franšízu a katapultoval Sigourney Weaverovou ke slávě. V roce 1982 Scott režíroval kultovní film Blade Runner s Harrisonem Fordem. Dnes již považován za sci-fi klasiku, tento futuristický thriller byl přidán do Národního filmového registru knihovny Kongresu Spojených států amerických v roce 1993 a režisérská verze filmu Blade Runner šla do distribuce s opětovně nadšeným přijetím v roce1993 a znovu v roce 2007.Scott dále režíroval filmy Legenda s Tomem Cruisem# Ten, kdo mě hlídá# Černý déšť s Michaelem Douglasem a Andy Garciou# 1492: Dobytí ráje# Bílá smršť s Jeffem Bridgesem# G. I. Jane s Demi Mooreovou a Viggo Mortensenem# a velmi úspěšného Hannibala v hereckém podání Anthony Hopkinse s Julianne Mooreovou.V roce 1995 Scott a jeho mladší bratr, také filmař, Tony Scott, založili společnost Scott Free Productions. Od dob svého vzniku tato produkce vyrobila širokou škálu filmových a televizních projektů včetně řady filmů, které režírovali Ridley a Tony Scott. Pod jmenovkou společnosti Scott Free Ridley Scott produkoval takové celovečerní filmy jako Není úniku s Vincem Vaughnem a Joaquinem Phoenixem# Balík peněz v hlavní roli s Paulem Newmanem# Tristan a Isolda s Jamesem Francem a Sophií Mylesovou# Zná ji jako svý boty režiséra Curtise Hansona s Cameron Diazovou# oceněný film Zabití Jesseho Jamese zbabělcem Robertem Fordem v hlavní roli s Bradem Pittem a Casey Affleckem# A-Team s Liamem Neesonem a Bradley Cooperem# a Mezi vlky s Liamem Neesonem. Filmy Before I Go To Sleep  v režii Rowana Joffeho v hlavní roli s Nicole Kidman a Reykjavík, který bude režírovat Mike Newell s Michaelem Douglasem a Christophem Waltzem v hlavních rolích, se budou natáčet v letošním roce. Ridley Scott je také výkonným producentem snímku Život v jednom dni, dokumentárního filmu natáčeném filmaři po celém světě, který slouží jako časová kapsle, která má ukázat budoucím generacím, jaké to bylo být naživu během 24. července 2010.Scott také produkoval pro televizi, na Zlatý glóbus nominovaný, televizní seriál Dobrá manželka odvysílanýv roce 2010, mezi další seriály z jeho produkce patří Pilíře země, stejně jako Vražedná čísla, které byly odvysílány v letech 2005-2010.  Ridley Scott byl zároveň výkonným producentem na několika dlouhometrážních projektech včetně A&E minisérie Kmen Andromeda podle románu Michaela Crichtona# TNT minisérie The Company# a Zlatým glóbem oceněném HBO filmu RKO 281 aneb Občan Kane v hlavní roli s Lievem Schreiberem jako Orsonem Wellesem# Stahující se mračna v hlavní roli s Albertem Finneym a Vanessou Redgraveovou v režii Richarda Loncraina# a V srdci bouře: Churchill ve válce režiséra Thaddeuse O'Sullivana. Ridley Scott v současnosti připravuje natáčení televizního pilotu pro Sony Pictures Television, jehož děj se odehrává ve Vatikánu. Seriál odhaluje vztahy a řevnivost, ale i tajemství a zázraky v katolické církvi. Scott je režisérem a výkonným producentem projektu.V roce 2003 byl Scott pasován na rytíře Řádu britského impéria za jeho přínos umění.", "created": "2023-01-30T18:59:49.401Z", "updated": "2023-01-30T18:59:49.442Z", "awards": [], "directing": [9], "acting": []}}, {"model": "viewer.staff", "pk": 13, "fields": {"name": "Russell", "surname": "Crowe", "artist_name": "", "country": 3, "date_of_birth": "1964-04-07", "death_date": null, "biography": "V každém směru originální Novozélanďan nenávidí Hollywood a nehodlá se nikomu a ničemu podřizovat.Skvělý byl jako kněz-pistolník, římský vojevůdce, geniální matematik i námořník, ale kdo je jejich představitel, o němž se říká spousta věcí, které nejdou zrovna dohromady? Sukničkář, který se nezastaví před ničím nebo utajený romantik, jenž čekal na pravou lásku? Chlapík, co se drží starých kamarádů nebo namyšlený snob, který se stal slavným? Nespolehlivý opilec a rváč nebo jen svérázný Novozélanďan? Jisté je jen jedno, divačky ho milují a Russellu Croweovi pramálo záleží na tom, co se o něm říká a jak vypadá. Charismatický protinožec si žije podle svého a přesvědčivě ztvárňuje další a další protikladné postavy.Nejznámější rodák z Nového Zélandu se s rodiči ve čtyřech letech přestěhoval do australského Sydney. Rodiče pracovali ve filmovém cateringu a malý Russell se tak často míhal v malých dětských rolích. V roce 1978 se ale rodiče vrátili na Nový Zéland a tím skončily příležitosti pro dětského herce, který tu nechal školy a začal se živit jako DJ v nočních klubech a rockový zpěvák s hřívou pod jménem Russ le Roq. Nahrál svůj první single „I Want to Be Like Marlon Brando“ (1980), ačkoli mnohem později, když mu reputace herce-rváče vynesla srovnávání právě s Brandoem, namítal, že v té době neviděl jediný film hereckého předchůdce. Rocku zůstává Crowe věrný dodnes. Pro svoji kapelou 30 Odd Foot of Grunts stále píše texty písní, zpívá, hraje na kytaru a po úspěchu Gladiátora v roce 2000 uspořádali koncert v texaském Austinu, na který prodávali vstupenky za 500 dolarů.Ovšem na začátku osmdesátých let se vrátil do Austrálie, získal roli v představení muzikálu Pomáda a další dva roky vystupoval v The Rocky Horror Picture Show, z příštího muzikálu (Blood Brothers, 1989) už vedla cesta k jeho prvnímu filmu Krvavá přísaha (1990). V příštím filmu ze stejného roku (The Crossing) už hrál hlavní roli a za snímky Důkaz (1991) a Romper Stomper (1992) zaslouženě získal cenu australského filmového institutu. Tradice rozličnosti Croweových postav se konstituovala již v hercově australském období, proto není divu, že ztvárnění nacistického skinheada v Romper Stomper následoval homosexuální opravář (Jsou z nás, 1994). Sharon Stone viděla některý z jeho australských filmů a přesvědčila producenty westernu Rychlejší než smrt, aby mu svěřili postavu kněze, pistolníka a její lásky. Hollywoodský filmový debut byl stvořen a Crowea nebylo možné přehlédnout ani vedle Gene Hackmana a začínajícího Leonarda DiCapria. Ve stejném roce si zahrál roli virtuálního sériového vraha ve sci-fi Virtuozita.", "created": "2023-01-30T18:59:49.454Z", "updated": "2023-01-30T18:59:49.477Z", "awards": [], "directing": [], "acting": [9]}}, {"model": "viewer.staff", "pk": 14, "fields": {"name": "Brian", "surname": "Singer", "artist_name": "", "country": 1, "date_of_birth": "1965-09-17", "death_date": null, "biography": "Bryan Singer už od svého hraného debutu a vítěze hlavní ceny poroty ze Sundance Public Access soustavně baví diváky filmy, které vynikají odvážným vizuálním stylem a propracovanými postavami. Singer se do všeobecného povědomí dostal v roce 1995 mysteriózním thrillerem Obvyklí podezřelí, v němž hráli Chazz Palminteri, Benicio Del Toro, Stephen Baldwin, Gabriel Byrne, Kevin Pollack a Kevin Spacey. Film získal dva Oscary, pro Spaceyho za nejlepšího herce ve vedlejší roli a pro scénáristu Christophera McQuarrieho za nejlepší původní scénář.Následujícím Singerovým snímkem byl kritikou chválený Nadaný žák, adaptace novely Stephena Kinga s držitelem dvou oscarových nominací Ianem McKellenem v jedné z hlavních rolí.Singer navázal dvěma nesmírně úspěšnými filmy, trhákem léta 2000 X-Men a jeho ještě úspěšnějším pokračováním X-Men 2 z roku 2003. Adaptací se ujal s vědomím, že budou podrobeny hodnocení davu obdivovatelů čtyřicet let starého komiksu. Fanoušci komiksu i noví diváci však Singerovu vizi, hladce spojující akční a dobrodružný žánr se sci-fi, nadšeně přijali, jakož i hvězdné herecké obsazení v čele s Hughem Jackmanem, Patrickem Stewartem, Ianem McKellenem a Halle Berryovou.Po obrovském úspěchu prvních dvou filmů o X-Menech Singera oslovilo studio Warner Bros., aby se ujal režie snímku Superman se vrací. První velkofilm natočený na digitální kameru Panavision Genesis nadchl fanoušky i filmové kritiky a nalákal do kin diváky po celém světě, ať už na tradiční formát nebo na IMAX 3-D. Také to byl první hraný akční film, který s velkým úspěchem využil proces postkonverze do 3D.", "created": "2023-01-30T18:59:49.489Z", "updated": "2023-01-30T18:59:49.513Z", "awards": [], "directing": [10], "acting": []}}, {"model": "viewer.staff", "pk": 15, "fields": {"name": "Dexter", "surname": "Fletcher", "artist_name": "", "country": 2, "date_of_birth": "1966-01-31", "death_date": null, "biography": "Narodil se v Londýně jako jeden ze tří bratrů. Jeho úplně první seznámení s hereckým řemeslem proběhlo už když byl malý kluk a hrál v divadelní škole Anna Scher. Úplně první film, kde se objevil ještě jako desetiletý, byl BUGSY MALONE (1976).Zlomovým dílem se pak pro něj stal snímek SPIS O RÁCHEL (1989), kde hrál mladého muže snažícího se přijít o panictví. Avšak role, ve které se proslavil nejvíce, přišla až se seriálem PRESS GANG (1989), kde ztvárnil milence Julii Sawalhe. Této role se ujmul i v soukromém životě a Julia se stala jeho životní láskou. Bohužel jen dočasně.V současné době jej můžeme vidět v populárním seriálu HOTEL BABYLON (2006) a také jsme ho měli možnost vidět v hororovém snímku AUTUMN (2009) po boku dnes již zesnulého velikána Davida Carradina.Jeho bratři, Steve Fletcher a Graham Fletcher Cook, natočili jen několik filmů, avšak v jediném filmu, a to v THE RAGEDDY RAWNEY (1988) lze vidět celé bratrské trio včetně Dextera pohromadě.", "created": "2023-01-30T18:59:49.528Z", "updated": "2023-01-30T18:59:49.550Z", "awards": [], "directing": [10], "acting": []}}, {"model": "viewer.staff", "pk": 16, "fields": {"name": "Damien", "surname": "Chazelle", "artist_name": "", "country": 1, "date_of_birth": "1985-01-19", "death_date": null, "biography": "Damien Chazelle (1985, Providence, Rhode Island, USA) promoval na Harvardskej univerzite s diplomom z výtvarného umenia a environmentalistiky. Svoj prvý hraný film Guy a Madeline na lavičke v parku (Guy and Madeline on a Park Bench, 2009), napísal a režíroval ešte ako študent. Film sa v kinách objavil až v roku 2010, no čoskoro sa objavil v sledovaných rebríčkoch prestížnych amerických novín ako napr. The New York Times, The Village Voice, The Chicago Tribune, The…", "created": "2023-01-30T18:59:49.564Z", "updated": "2023-01-30T18:59:49.590Z", "awards": [], "directing": [13], "acting": []}}, {"model": "viewer.staff", "pk": 17, "fields": {"name": "Colin", "surname": "Firth", "artist_name": "", "country": 2, "date_of_birth": "1969-09-10", "death_date": null, "biography": "Britský herec Colin Firth se narodil 10. Září 1960 v akademické rodině v Grayshottu v Anglii. Jako malé dítě cestoval s rodiči po světě. Když mu byly pouhé dva týdny, jeho rodiče ho vzali do Nigérie, kde strávil svoje první roky života. V roce 1971 se rodina na rok přesunula do Ameriky, do St. Louis. Odmala byl rozhodnutý stát se hercem a vlastně nikdy nic jiného nedělal. V letech 80-83 studoval drama v prestižním Drama Centre v Londýně. Nebyly to lehké časy. Žil ve zchátralé ložnici v Severním Londýně, neměl moc peněz, v botách měl díry a docházel hrát do divadla dvě míle vzdáleného. V Drama Centre na sebe upozornil jako Hamlet a vzbudil takovou pozornost, že získal roli v Queens Theatre v Londýně ve hře Another Country. V této hře se sešlo několik budoucích hereckých hvězd - Rupert Everett, Kenneth Branagh nebo Daniel Day Lewis. I přes rychlý rozjezd jeho kariéry, věnoval se Firth dalších pár let divadlu a práci v televizi. V roce 1989 dostal hlavní roli ve Formanově filmu Valmont. Tady také potkal Meg Tillyovou, se kterou má syna. Několik let spolu žili, ale v roce 1993 se rozešli, svého syna se však snaží vídat co nejčastěji. Firth se objevuje po boku Petera OToola v Křídlech slávy. Polovina devadesátých let byla pro něj zlomová - pan Darcy v Pýše a předsudku, role v oscarovém Anglickém pacientovi, Firth je posedlým fotbalovým fanouškem v adaptaci knihy Nicka Hornbyho Fotbalová horečka. Z poslední doby jsou jeho největšími úspěchy oba díly Deníku Bridget Jonesové a vánoční romance Láska nebeská.", "created": "2023-01-30T18:59:49.604Z", "updated": "2023-01-30T18:59:49.621Z", "awards": [], "directing": [], "acting": []}}, {"model": "viewer.staff", "pk": 18, "fields": {"name": "Tom", "surname": "Cruise", "artist_name": "", "country": 1, "date_of_birth": "1962-07-03", "death_date": null, "biography": "Největší hitmaker v Hollywoodu, v takové pozici se už roky nachází herecká hvězda Tom Cruise, herec, jenž se narodil v kočovné rodině, která se neustále stěhovala kvůli práci jeho otce (inženýra). Kvůli stěhování měl problémy s učením, které byly spojeny s jeho dyslexií a tak vynikal pouze ve sportu. Po dokončení střední školy se v roce 1980 odhodlal pro hereckou kariéru.", "created": "2023-01-30T18:59:49.635Z", "updated": "2023-01-30T18:59:49.658Z", "awards": [], "directing": [], "acting": [16]}}, {"model": "viewer.staff", "pk": 19, "fields": {"name": "Vanessa", "surname": "Kirby", "artist_name": "", "country": 2, "date_of_birth": "1988-04-18", "death_date": null, "biography": "Vanessa Kirby je televizní a filmová herečka známá především v anglické scéně. Vanessa má další dva sourozence (bratra a sestru), její otec je urolog a chirurg se specializací na onemocnění prostaty. V letech 2016–2018 ztvárnila princeznu Margaret v seriálu skupiny Netflix – The Crown Petera Morgana.  Za tuto roli získala v roce 2018 cenu BAFTA za nejlepší herečku v podpůrné roli v televizním seriálu.", "created": "2023-01-30T18:59:49.671Z", "updated": "2023-01-30T18:59:49.682Z", "awards": [], "directing": [], "acting": []}}, {"model": "viewer.staff", "pk": 20, "fields": {"name": "Emily", "surname": "Blunt", "artist_name": "", "country": 2, "date_of_birth": "1983-02-23", "death_date": null, "biography": "Celé jméno Emily Blunt je Emily Olivia Leah Blunt. Její otec, Oliver Blunt, patří mezi významné londýnské právníky a matka, Joanna Mackie, je profesorkou. Má také tři sourozence - sestry Felicity a Susannah a bratra Sebastiana. V dětství navštěvovala školu Ibstock Place. Od osmi do čtrnácti let trpěla koktáním. Jednou učitel Emily při jedné hře poprosil, aby postavu namluvila se severským přízvukem. Emily ke svému překvapení zjistila, že během hraní se její vada řeči vytrací. V 16 letech přešla na soukromou vysokou školu Hurtwood House, která je známá svým důrazem na umění. Emily byla mezi vybranými studenty, kteří vystupovali na Edinburghském filmovém festivalu, kde byla také objevena hledačem talentů.", "created": "2023-01-30T18:59:49.694Z", "updated": "2023-01-30T18:59:49.704Z", "awards": [], "directing": [], "acting": []}}, {"model": "viewer.staff", "pk": 21, "fields": {"name": "Mike", "surname": "Newell", "artist_name": "", "country": 2, "date_of_birth": "1942-03-28", "death_date": null, "biography": "Celým jménem Michael Cormac Newell se narodil 28. března 1942 v Hertfordshire, Anglie. Jako klič k cestě filmového tvůrce označuje Michael televizi, jenž mu na začátku 60. a později 70. let otevřela cestu k postu světoznámého režiséra. Vystudoval na Cambridge. Po ukončení studia v roce 1963 se stavá zaměstnancem Granada Television, kde se zaučuje v produkci, aby se tak připravil na svůj režijní debut, který následuje o několik let později.", "created": "2023-01-30T18:59:49.715Z", "updated": "2023-01-30T18:59:49.727Z", "awards": [], "directing": [], "acting": []}}, {"model": "viewer.staff", "pk": 22, "fields": {"name": "Daniel", "surname": "Radcliffe", "artist_name": "", "country": 2, "date_of_birth": "1989-07-23", "death_date": null, "biography": "Zvědavost, věrnost, potřeba spravedlnosti a talent na průšvihy. Tohle všechno jsou vlastnosti, které charakterizují nadaného bradavického kouzelníka Harryho Pottera a k nimž se hlásí i tento mladý ambiciózní herec. Daniel se chtěl stát hercem už v pěti letech, ale jeho rodiče (matka Marcia Gresham - castingová režisérka, a otec Alan Radcliffe - literární agent), kteří se sami pohybovali ve světě filmu s tím nespěchali. A pak se to díky rodičům i náhodě stalo! Jednou, když šla rodina na londýnské představení, potkali se tam s producenty Davidem Haymanem a Stevem Klovesem. Pak už jen přišla pozvánka na konkurz, který Daniel samozřejmě vyhrál.", "created": "2023-01-30T18:59:49.740Z", "updated": "2023-01-30T18:59:49.751Z", "awards": [], "directing": [], "acting": []}}, {"model": "viewer.staff", "pk": 23, "fields": {"name": "Emma", "surname": "Watson", "artist_name": "", "country": 2, "date_of_birth": "1990-04-15", "death_date": null, "biography": "Emma strávila dětství v britském Oxfordu, kam se ve svých pěti letech přestěhovala po rozvodu svých rodičů z Paříže. Když se v devíti letech dozvěděla, že byla vybrána do hlavní ženské role ve fantasy sáze Harry Potter, neměla pravděpodobně vůbec tušení, do jaké míry to změní její život a jaké dveře se před ní díky tomu otevřou. První díl dorazil do kin v roce 2001. Následovalo v přibližně dvouletých intervalech sedm dalších pokračování. F", "created": "2023-01-30T18:59:49.764Z", "updated": "2023-01-30T18:59:49.775Z", "awards": [], "directing": [], "acting": []}}, {"model": "viewer.staff", "pk": 24, "fields": {"name": "Alan", "surname": "Rickman", "artist_name": "", "country": 2, "date_of_birth": "1946-02-21", "death_date": "2016-01-14", "biography": "„Kdyby tak byl život o něco jemnější a umění o něco víc silné.\" Výrazná herecká persona britského filmu a divadla, londýnský rodák s nezaměnitelně dramatickým hlasem a především muž, který dokázal dát svým postavám hloubku, city, charisma i humor. I když hrál Rickman od mládí divadlo, kde sklízel úspěch kupříkladu jako vikomt Valmont v broadwayské verzi Nebezpečných známostí, v celovečerním filmu se objevil až ve svých čtyřiceti dvou letech.", "created": "2023-01-30T18:59:49.785Z", "updated": "2023-01-30T18:59:49.817Z", "awards": [], "directing": [], "acting": [32]}}, {"model": "viewer.staff", "pk": 25, "fields": {"name": "Vladimír", "surname": "Menšík", "artist_name": "", "country": 12, "date_of_birth": "1929-10-09", "death_date": "1988-05-29", "biography": "\"Humor je vážná věc. Jakákoliv tvořivá práce se neobejde bez vnitřní pohody tvůrce. Radost a utrpení je možné v umění zúročit jenom tehdy, když je do hloubky zažité. Jsou sice v životě člověka události a situace nad jeho síly, ale častěji nás trápí a rozdrobují rozličné malichernosti, kterým připisujeme větší význam, než ve skutečnosti mají. Schopnost uchovat si vnitřní pohodu spočívá v tom, najít věcem pravé místo v žebříčku hodnot a věnovat se podstatnému. Populární může být na čas i diletant, zatímco dobrý herec někdy zůstává na okraji diváckého i odborného zájmu. Lidovost je v pravdivosti a ani humor není humorem bez lidskosti a laskavosti.“ - Z knihy V. Menšíka Stromeček mého veselého života. Vladimír Menšík, rodák z moravských Ivančic, je mnohými považován za nejlepšího českého filmového herce všech dob. Už od dětství rád chodil na poutě, hody, veselice a byl vším tím světem kolotočů, cirkusů a šumařů ohromen. Začínal v hudebním souboru Adolfa Pištěláka. Otci se ale jeho umělecké řádění nelíbilo, a tak Vladimír musel nejprve vystudovat průmyslovou školu a nastoupit do práce v Brněnských strojírnách. Divadlo jej však dále lákalo.", "created": "2023-01-30T18:59:49.830Z", "updated": "2023-01-30T18:59:49.882Z", "awards": [], "directing": [], "acting": [33, 32]}}, {"model": "viewer.staff", "pk": 26, "fields": {"name": "Jiřina", "surname": "Bohdalová", "artist_name": "", "country": 13, "date_of_birth": "1931-05-03", "death_date": null, "biography": "Dáma českého filmu Jiřina Bohdalová se narodila 3. května 1931 v Praze. Její otec František Bohdal byl vyučeným truhlářem, matka Marie Bohdalová (roz. Brunnerová) pracovala jako služebná a ve volném čase se s oblibou věnovala ochotnickému divadlu. V tomto ohledu měla velký vliv i na svou dceru: jako malou ji zapsala do baletní školy Niny Gordon-Mládkové a následně i do komparzu. Maminčinou zásluhou také zazářila jako dětská hvězdička v němém filmu PIŽLA A ŽIŽLA NA CESTÁCH (1937) nebo v prvorepublikové veselohře MADLA ZPÍVÁ EVROPĚ (1940). Roku 1937 začala chodit do základní (tenkrát obecné) školy v pražském Žižkově, ulice Štítného. V roce 1949 úspěšně složila maturitní zkoušku na soukromém dívčím reálném gymnáziu Charity školních sester. Prestože se divadlu a filmu věnovala od malička, na DAMU ji přijali až po třetí zkoušce. Po maturitě si nějakou dobu budovala kariéru učitelky na základní škole v Ostravě, kde se seznámila se svým budoucím manželem Břetislavem Stašem. Studium herectví musela po druhém ročníku přerušit jak z vážných rodinných důvodů tak z narychlo konané svatby s B. Stašem. Za nedlouho se totiž měla narodit jejich dcera Simonka.", "created": "2023-01-30T18:59:49.895Z", "updated": "2023-01-30T18:59:49.930Z", "awards": [], "directing": [], "acting": [33]}}, {"model": "viewer.staff", "pk": 27, "fields": {"name": "Hugh", "surname": "Grant", "artist_name": "", "country": 2, "date_of_birth": "1960-09-09", "death_date": null, "biography": "Vyrůstal v docela obyčejné rodně – matka byla učitelka a otec prodával koberce na předměstí Londýna, ale jakožto dobrý student získal stipendium na prestižní univerzitu Oxford, kde s červeným diplomem vystudoval anglickou literaturu. Hughovo první dilema vychází z toho, že oba jeho rodiče pocházeli z armádních rodin a Hugh by jednou rád hrál ve filmu z období druhé světové války, ale jeho otec si to nepřeje, protože je přesvědčen, že všechny filmy jsou jen vulgarizací pravdy. Během studií hrál ve školních inscenacích a ačkoli chtěl být spisovatelem, musel si na svůj studentský život taky nějak přivydělat. Nejdřív to zkoušel jako autor fotorománů, ale honorář ho zdaleka neuspokojoval, takže se poprvé rozhodl prodat svou pěknou tvářičku a vyrazil na casting. V dvaadvaceti se poprvé objevil ve filmu a po škole v tomto snadném vydělávání si peněz pokračoval. Do konce osmdesátých let hrál v nejrůznějších televizních filmech a seriálech, k čemuž dodává: „že jsem slavný, to jsem si uvědomil ve chvíli, kdy mi vyhradili místo na parkovišti před televizní budovou BBC. Většina seriálových herců totiž na natáčení dojíždí autobusem.“", "created": "2023-01-30T18:59:49.943Z", "updated": "2023-01-30T18:59:49.963Z", "awards": [], "directing": [], "acting": []}}, {"model": "viewer.staff", "pk": 28, "fields": {"name": "Viggo", "surname": "Mortensen", "artist_name": "", "country": 1, "date_of_birth": "1958-10-20", "death_date": null, "biography": "To prvé a najhlavnejšie, čím sa líši od väčšiny svojich kolegov, je jeho angažovanie sa v množstve nehereckých umeleckých aktvít. Viggo totiž nie je iba čoraz populárnejší herec, ale je tiež básnik, fotograf, maliar a hudobník. Veľa inšpirácie pre vkladanie svojich pocitov do umeleckých výtvorov mu určite dodalo aj pestré detstvo, ktoré strávil hneď v niekoľkých svetadieloch sveta. Narodil sa v New Yorku, od dvoch do jedenástich rokov cestoval s rodinou po juhoamerických krajinách ako Venezuela a Argentína a neskôr žil i v Dánsku, kde pracoval ako šofér kamiónu (jeho matka je Američanka a otec Dán). Aj vďaka tomu ostatne rozpráva plynule španielsky i dánsky. Herectvo začal študovať po návrate do New Yorku. Hoci bola jeho prvá rolička iba vedľajšou, Mortensen mal šťastie, že išlo zrovna o veľmi úspešný film Petera Weira s Harrisonom Fordom v hlavnej úlohe – SVEDOK. K hviezdnej sláve ho nedostal, no dvierka do Hollywoodu mu rozhodne pootvoril. Viggo sa vzdal svojho zbožňovaného New Yorku a dal sa na bývanie v Los Angeles. Bol si totiž vedomý toho, že pokiaľ chce uspieť v hollywoodskej branži, je práve toto miesto tým jediným východzím bodom.", "created": "2023-01-30T18:59:49.976Z", "updated": "2023-01-30T18:59:49.988Z", "awards": [], "directing": [], "acting": []}}, {"model": "viewer.staff", "pk": 29, "fields": {"name": "Jesse", "surname": "Eisenberg", "artist_name": "", "country": 1, "date_of_birth": "1983-10-05", "death_date": null, "biography": "Jesse Eisenberg je americký herec. Narodil se 5.10.1983 v New Yorku a vyrůstal v Queensu a New Jersey. Byl přijat na New York University, ale odmítl kvůli práci na filmu. Jesse poprvé vystoupil na Broadwayi v roce 1996, jako dublující herec ve hře Summer and Smoke. Jeho debut na televizních obrazovkách byl roku 1999 v seriálu GET REAL.Po účinkování v TV filmu OHEŇ Z NEBE si zahrál roli Nicka ve filmu ROGER DODGER, za kterou později dostal ocenění na filmovém festivalu v San Diegu. Dále se objevil ve snímku KLUB VYVOLENÝCH. Oba tyto filmy byly vydány v roce 2002 s pozitivním ohlasem. Mohli jsme ho také zhlédnout v hororu PROKLETÍ a v komediálním dramatu OLIHEŇ A VELRYBA po boku Jeffa Danielse. V roce 2007 se objevil v roli mladého žurnalisty v akční komedii LOVCI STÍNŮ vedle Richarda Gerea a Diane Kruger. O dva roky později hrál hlavní roli v romantické komedii ZÁBAVNÝ PARK a ve filmu HOLY ROLLERS, kde hraje židovského dealera extáze a ve snímku SOLITARY MAN.", "created": "2023-01-30T18:59:50.002Z", "updated": "2023-01-30T18:59:50.029Z", "awards": [], "directing": [], "acting": [35]}}, {"model": "viewer.staff", "pk": 30, "fields": {"name": "Maika", "surname": "Monroe", "artist_name": "", "country": 1, "date_of_birth": "1993-05-29", "death_date": null, "biography": "Maika Monroe Buckley, jak zní její celé jméno, se narodila v kalifornské Santa Barbaře 29. května 1993. Kromě herectví se profesionálně věnuje freestyle kiteboardingu (surfování na speciálním prkně za tažným drakem), kterému se ve šlépějích svého otce začala věnovat od jedenácti let. Kvůli tréninku se dokonce na čas přestěhovala na severní pobřeží Dominikánské republiky, zatímco studium dokončila online způsobem. Usilovná píle brzy začala přinášet ovoce, její sportovní kariéra stoupala vzhůru a vrcholem bylo druhé místo v mezinárodní soutěži Red Bull Air. Maika však současně začala laborovat s herectvím - po malých roličkách ve filmu BAD BLOOD (2006) a v jedné epizodě sci-fi seriálu Eleventh Hour (2009) se mihla v dramatu ZA KAŽDOU CENU (At Any Price, 2012). Jistým průlomem v herecké kariéře byla vedlejší role Mandy ve filmu Jasona Reitmana PRODLOUŽENÝ VÍKEND (Labor Day, 2013). Větší role, byť ve skromnějších produkcích, se záhy dostavily: role Anny čelící psychopatovi vydávajícího se za rodinného přítele v akčním thrilleru THE GUEST (2014) a středoškolačky Jay stíhané přízraky v hororu NEUTEČEŠ (It Follows, 2014). Že se Maika Monroe bude dále objevovat v hledáčku produkcí dokazuje fakt, že ji v roce 2015 uvidíme ve westernu DEMONS OF WAR a ve sci-fi BOKEH. O rok později se po boku Chloë Grace Moretz objeví v postapokalyptické sci-fi THE FIFTH WAVE (2016).", "created": "2023-01-30T18:59:50.042Z", "updated": "2023-01-30T18:59:50.056Z", "awards": [], "directing": [], "acting": []}}, {"model": "viewer.staff", "pk": 31, "fields": {"name": "Sigourney", "surname": "Weaver", "artist_name": "", "country": 1, "date_of_birth": "1949-10-08", "death_date": null, "biography": "Susan Alexandra Weaverová, Newyorčanka so židovskou krvou, pochádza z prominentnej rodiny (matka anglická herečka, otec prezident NBC) a študovala v prominentných školách (Yale, dievčenská škola Ethel Walkerovej, Stanford University). Je prototypom silnej ženy, emancipovanej ale nie feministickej, schopnej nájsť si čas na kariéru aj rodinu, neprivoláva škandály a už od roku 1984 žije s nekonfliktným režisérom divadelných hier Jimom Simpsonom, v ktorého BENÁTSKOM KUPCOVI aj hrala.", "created": "2023-01-30T18:59:50.068Z", "updated": "2023-01-30T18:59:50.079Z", "awards": [], "directing": [], "acting": []}}, {"model": "viewer.staff", "pk": 32, "fields": {"name": "Emma", "surname": "Thompson", "artist_name": "", "country": 2, "date_of_birth": "1959-04-15", "death_date": null, "biography": "Nie je veľa herečiek, ktoré by dokázali s prehľadom zahrať postavy v klasických historických adaptáciách a rovnako presvedčivo by vedeli zvládnuť aj komediálne party. Jednou z nich je určite aj Emma Thompson, jedna z najuznávanejších britských herečiek súčasnosti.", "created": "2023-01-30T18:59:50.092Z", "updated": "2023-01-30T18:59:50.154Z", "awards": [], "directing": [], "acting": [26, 21, 25, 27]}}, {"model": "viewer.staff", "pk": 33, "fields": {"name": "Renée", "surname": "Zellweger", "artist_name": "", "country": 1, "date_of_birth": "1969-04-25", "death_date": null, "biography": "Na texaské univerzitě v Austinu studovala angličtinu a v té době si začala uvědomovat, jakou radost jí činí hrát ve školních představeních. Postupně ji začal přitahovat taky oslnivý svět filmu a tak čas od času jezdila na konkurzy do Dallasu. Živila se jako servírka a od roku 1992 si zahrála v několika béčkových filmech, mezi nimiž září propadák Masakr v Texasu (1994) s tenkrát stejně neznámým Matthewem McConaugheyem. Naštěstí se současně objevila v nezávislém filmu Láska a pětačtyřicítka a v Bolestné realitě, druhém režijním pokusu Bena Stillera, kde už její jméno stálo vedle Winony Ryder a Ethana Hawkea. Tehdy konečně pochopila, že jestli se chce stát skutečnou herečkou, musí se odstěhovat do Hollywoodu. Chvíli na to dostala roli v životopisném dramatu o spisovateli Robertu E. Howardovi, Celý širý svět. Právě tam si jí všiml režisér Cameron Crowe a namísto hereček, jako Mira Sorvino, Winona Rider, Marisa Tomei nebo Bridget Fonda ji obsadil do hlavní role svého filmu Jerry Maguire, s pěti oscarovými nominacemi. Hvězdou romantické komedie ze sportovního prostředí byl Tom Cruise, ostatně tak to mělo být i podle scénáře. René dostala za úkol pouze ztvárnit osamělou matku Dorothy, nenápadnou a nijak atraktivní účetní ve firmě, jejíž hvězdou je špičkový sportovní agent - Cruise. Pohádka dobře skončila nejen ve filmu a z anonymní herečky se rázem stala hvězda, která se dokázala vyrovnat slavnému Cruisovi.", "created": "2023-01-30T18:59:50.168Z", "updated": "2023-01-30T18:59:50.184Z", "awards": [], "directing": [], "acting": []}}, {"model": "viewer.staff", "pk": 34, "fields": {"name": "Helena", "surname": "Bonham Carter", "artist_name": "", "country": 2, "date_of_birth": "1966-05-26", "death_date": null, "biography": "Helena se narodila 26. 5. 1966 ve znamení Blíženců v Londýnské čtvrti Golden Green v rodině vysokých politických hodnostářů a filmových profesionálů (její pradědeček H. H. Asquith byl v letech 1908-1916 předsedou vlády Velké Británie). V životě ji nejvíce ochromila operace mozku, kterou prodělal její otec – byl po ni kompletně paralyzován. Za roli ve Wings of the Dove režiséra Iana Softleyho získala nominaci na Oscara v kategorii Nejlepší herečka, Zlatý globus a cenu Screen Actors Guild. Je také držitelkou ocenění Canadian Genie Award (za film Margaret's Museum) a byla nominována na Emmy (za roli v seriálu Merlin). V poslední den natáčení jejího celovečerního debutu Lady Jane jí James Ivory nabídnul hlavní roli ve filmu Pokoj s vyhlídkou. Tím odstartoval sérii adaptací románů E. M. Forster, díky kterým Bonham Carter získala mezinárodní uznání.", "created": "2023-01-30T18:59:50.197Z", "updated": "2023-01-30T18:59:50.220Z", "awards": [], "directing": [], "acting": []}}, {"model": "viewer.staff", "pk": 35, "fields": {"name": "Libuše", "surname": "Šafránková", "artist_name": "", "country": 13, "date_of_birth": "1953-06-07", "death_date": "2021-06-09", "biography": "Libuše Šafránková od dětství chodila do různých dramatických kroužků a nezištně hrála i v divadle. Později v době, kdy ještě studovala na dramatickém oddělení brněnské konzervatoře, zazářila na scéně brněnské Mahenovy činohry v titulní roli Shakespearovy Julie a hned na to v témže roce (1971), ztvárnila nezapomenutelnou roli Barunky ve dvoudílném filmu Babička. Po asi téměř ročním působení v pražském Divadle za branou přešla v roce 1972 do Činoherního klubu, kde odehrála např. roli Niny Zarečné v Krejčově inscenaci Racka nebo Colombinu v Menzelově komedii Tři v tom. Jejím prvním filmem byla role Moniky v Rodeu. Avšak v 70. až 80. letech to byly převážně role princezen, jako např. Večernice, princezna Milena (Třetí princ) nebo princezna z Malé mořské víly, kde si zahrála se svou o 5 let mladší sestrou Miroslavou Šafránkovou. Po rolích princezen ji začali režiséři obsazovat do rolí mladých dívek, ale až filmy Jiřího Menzela a Jana Svěráka ji představily v charakterově a typově různorodých postavách. Velkými diváckými úspěchy byly její účasti ve filmech Kolja (1996), za který získala Českého lva v kategorii Nejlepší ženský herecký výkon a v roce 1997 to byl film podle knihy Michala Viewegha Báječná léta pod psa, kde ztvárnila složitý charakter v časovém rozmezí 30 let. Ovšem její nejslavnější a nezapomenutelnou rolí zůstane navždy Popelka ze Třech oříšků pro Popelku.", "created": "2023-01-30T18:59:50.234Z", "updated": "2023-01-30T18:59:50.275Z", "awards": [], "directing": [], "acting": [32]}}, {"model": "viewer.staff", "pk": 36, "fields": {"name": "Václav", "surname": "Vorlíček", "artist_name": "", "country": 13, "date_of_birth": "1930-06-03", "death_date": "2019-02-05", "biography": "Václav Vorlíček se narodil v Praze. V letech 1951 až 1956 vystudoval režii na pražské FAMU, studia ukončil krátkým hraným filmem DIREKTIVA. Jako asistent režie nastoupil do filmového studia Barrandov a záhy se vypracoval na místo pomocného režiséra. Na začátku 60. let zahájil samostatnou režijní práci. Jeho debutem se stala dětská detektivka PŘÍPAD DUBÍNEK, jejíž příběh se odvíjel kolem pátrání po ztraceném kufru s loutkami pionýrského souboru. První Vorlíčkovy filmy patřily z hlediska námětu, kvalit scénáře i zpracování k dobovému průměru, nicméně naznačily režisérův talent a potenciál. U diváků poprvé zabodoval parodií na komiksové seriály KDO CHCE ZABÍT JESSII? Jak herecké obsazení v čele s krásnou Olgou Schöberovou a komediálně zdatným Jiřím Sovákem, tak i kreslená složka talentovaného výtvarníka Káji Saudka spolu s nápaditou režií dohromady vytvořily předpoklady pro nebývalý komerční úspěch. Snímek získal na Mezinárodním festivalu vědecko-fantastických filmů v Terstu v roce 1966 hlavní cenu a podobně zabodoval i na filmovém festivalu v Locarnu. Režisér našel svou parketu v tvorbě dobrodružných a utopicky laděných filmů v komediálním žánru. Potvrdil to parodií na špionážní snímky bondovského typu KONEC AGENTA W4C PROSTŘEDNICTVÍM PSA PANA FOUSTKY, jejíž příběh zasadil do \"\"\"\"malého\"\"\"\" českého prostředí a chytře proti sobě postavil dva výrazně odlišné herecké typy - Jana Kačera a Jiřího Sováka.\"\"\"", "created": "2023-01-30T18:59:50.291Z", "updated": "2023-01-30T18:59:50.315Z", "awards": [], "directing": [], "acting": []}}]